id,name,frequency
1,Smith,2501922
2,Johnson,2014470
3,Williams,1738413
4,Jones,1544427
5,Brown,1544427
6,Davis,1193760
7,Miller,1054488
8,Wilson,843093
9,Moore,775944
10,Taylor,773457
11,Anderson,773457
12,Thomas,773457
13,Jackson,770970
14,White,693873
15,Harris,683925
16,Martin,678951
17,Thompson,669003
18,Garcia,631698
19,Martinez,581958
20,Robinson,579471
21,Clark,574497
22,Rodriguez,569523
23,Lewis,562062
24,Lee,547140
25,Walker,544653
26,Hall,497400
27,Allen,494913
28,Young,479991
29,Hernandez,477504
30,King,472530
31,Wright,470043
32,Lopez,465069
33,Hill,465069
34,Scott,460095
35,Green,455121
36,Adams,432738
37,Baker,425277
38,Gonzalez,412842
39,Nelson,402894
40,Carter,402894
41,Mitchell,397920
42,Perez,385485
43,Roberts,380511
44,Turner,378024
45,Phillips,370563
46,Campbell,370563
47,Parker,363102
48,Evans,350667
49,Edwards,340719
50,Collins,333258
51,Stewart,330771
52,Sanchez,323310
53,Morris,310875
54,Rogers,305901
55,Reed,303414
56,Cook,298440
57,Morgan,293466
58,Bell,290979
59,Murphy,290979
60,Bailey,286005
61,Rivera,281031
62,Cooper,281031
63,Richardson,278544
64,Cox,273570
65,Howard,273570
66,Ward,268596
67,Torres,268596
68,Peterson,266109
69,Gray,263622
70,Ramirez,261135
71,James,261135
72,Watson,256161
73,Brooks,256161
74,Kelly,253674
75,Sanders,248700
76,Price,246213
77,Bennett,246213
78,Wood,243726
79,Barnes,241239
80,Ross,238752
81,Henderson,236265
82,Coleman,236265
83,Jenkins,236265
84,Perry,233778
85,Powell,231291
86,Long,228804
87,Patterson,228804
88,Hughes,228804
89,Flores,228804
90,Washington,228804
91,Butler,226317
92,Simmons,226317
93,Foster,226317
94,Gonzales,216369
95,Bryant,216369
96,Alexander,211395
97,Russell,211395
98,Griffin,208908
99,Diaz,208908
100,Hayes,206421
101,Myers,206421
102,Ford,203934
103,Hamilton,203934
104,Graham,203934
105,Sullivan,201447
106,Wallace,201447
107,Woods,198960
108,Cole,198960
109,West,198960
110,Jordan,193986
111,Owens,193986
112,Reynolds,193986
113,Fisher,191499
114,Ellis,191499
115,Harrison,189012
116,Gibson,186525
117,Mcdonald,186525
118,Cruz,186525
119,Marshall,186525
120,Ortiz,186525
121,Gomez,186525
122,Murray,184038
123,Freeman,184038
124,Wells,181551
125,Webb,179064
126,Simpson,174090
127,Stevens,174090
128,Tucker,174090
129,Porter,171603
130,Hunter,171603
131,Hicks,171603
132,Crawford,169116
133,Henry,169116
134,Boyd,169116
135,Mason,169116
136,Morales,166629
137,Kennedy,166629
138,Warren,166629
139,Dixon,164142
140,Ramos,164142
141,Reyes,164142
142,Burns,161655
143,Gordon,161655
144,Shaw,161655
145,Holmes,161655
146,Rice,159168
147,Robertson,159168
148,Hunt,156681
149,Black,156681
150,Daniels,154194
151,Palmer,154194
152,Mills,151707
153,Nichols,149220
154,Grant,149220
155,Knight,149220
156,Ferguson,146733
157,Rose,146733
158,Stone,146733
159,Hawkins,146733
160,Dunn,144246
161,Perkins,144246
162,Hudson,144246
163,Spencer,141759
164,Gardner,141759
165,Stephens,141759
166,Payne,141759
167,Pierce,139272
168,Berry,139272
169,Matthews,139272
170,Arnold,139272
171,Wagner,136785
172,Willis,136785
173,Ray,136785
174,Watkins,136785
175,Olson,136785
176,Carroll,136785
177,Duncan,136785
178,Snyder,136785
179,Hart,134298
180,Cunningham,134298
181,Bradley,134298
182,Lane,134298
183,Andrews,134298
184,Ruiz,134298
185,Harper,134298
186,Fox,131811
187,Riley,131811
188,Armstrong,131811
189,Carpenter,131811
190,Weaver,131811
191,Greene,131811
192,Lawrence,129324
193,Elliott,129324
194,Chavez,129324
195,Sims,129324
196,Austin,129324
197,Peters,129324
198,Kelley,129324
199,Franklin,126837
200,Lawson,126837
201,Fields,126837
202,Gutierrez,126837
203,Ryan,126837
204,Schmidt,126837
205,Carr,126837
206,Vasquez,126837
207,Castillo,126837
208,Wheeler,126837
209,Chapman,124350
210,Oliver,124350
211,Montgomery,121863
212,Richards,121863
213,Williamson,121863
214,Johnston,121863
215,Banks,119376
216,Meyer,119376
217,Bishop,119376
218,Mccoy,119376
219,Howell,119376
220,Alvarez,119376
221,Morrison,119376
222,Hansen,116889
223,Fernandez,116889
224,Garza,116889
225,Harvey,116889
226,Little,114402
227,Burton,114402
228,Stanley,114402
229,Nguyen,114402
230,George,114402
231,Jacobs,114402
232,Reid,114402
233,Kim,111915
234,Fuller,111915
235,Lynch,111915
236,Dean,111915
237,Gilbert,111915
238,Garrett,111915
239,Romero,111915
240,Welch,109428
241,Larson,109428
242,Frazier,109428
243,Burke,109428
244,Hanson,106941
245,Day,106941
246,Mendoza,106941
247,Moreno,106941
248,Bowman,106941
249,Medina,104454
250,Fowler,104454
251,Brewer,104454
252,Hoffman,104454
253,Carlson,104454
254,Silva,104454
255,Pearson,104454
256,Holland,104454
257,Douglas,101967
258,Fleming,101967
259,Jensen,101967
260,Vargas,101967
261,Byrd,101967
262,Davidson,101967
263,Hopkins,101967
264,May,99480
265,Terry,99480
266,Herrera,99480
267,Wade,99480
268,Soto,99480
269,Walters,99480
270,Curtis,99480
271,Neal,96993
272,Caldwell,96993
273,Lowe,96993
274,Jennings,96993
275,Barnett,96993
276,Graves,96993
277,Jimenez,96993
278,Horton,96993
279,Shelton,96993
280,Barrett,96993
281,Obrien,96993
282,Castro,96993
283,Sutton,94506
284,Gregory,94506
285,Mckinney,94506
286,Lucas,94506
287,Miles,94506
288,Craig,94506
289,Rodriquez,92019
290,Chambers,92019
291,Holt,92019
292,Lambert,92019
293,Fletcher,92019
294,Watts,92019
295,Bates,92019
296,Hale,92019
297,Rhodes,92019
298,Pena,92019
299,Beck,92019
300,Newman,89532
301,Haynes,89532
302,Mcdaniel,89532
303,Mendez,89532
304,Bush,89532
305,Vaughn,89532
306,Parks,87045
307,Dawson,87045
308,Santiago,87045
309,Norris,87045
310,Hardy,87045
311,Love,87045
312,Steele,87045
313,Curry,87045
314,Powers,87045
315,Schultz,87045
316,Barker,87045
317,Guzman,84558
318,Page,84558
319,Munoz,84558
320,Ball,84558
321,Keller,84558
322,Chandler,84558
323,Weber,84558
324,Leonard,84558
325,Walsh,82071
326,Lyons,82071
327,Ramsey,82071
328,Wolfe,82071
329,Schneider,82071
330,Mullins,82071
331,Benson,82071
332,Sharp,82071
333,Bowen,82071
334,Daniel,82071
335,Barber,79584
336,Cummings,79584
337,Hines,79584
338,Baldwin,79584
339,Griffith,79584
340,Valdez,79584
341,Hubbard,79584
342,Salazar,79584
343,Reeves,79584
344,Warner,77097
345,Stevenson,77097
346,Burgess,77097
347,Santos,77097
348,Tate,77097
349,Cross,77097
350,Garner,77097
351,Mann,77097
352,Mack,77097
353,Moss,77097
354,Thornton,77097
355,Dennis,77097
356,Mcgee,77097
357,Farmer,74610
358,Delgado,74610
359,Aguilar,74610
360,Vega,74610
361,Glover,74610
362,Manning,74610
363,Cohen,74610
364,Harmon,74610
365,Rodgers,74610
366,Robbins,74610
367,Newton,74610
368,Todd,74610
369,Blair,74610
370,Higgins,74610
371,Ingram,74610
372,Reese,74610
373,Cannon,74610
374,Strickland,74610
375,Townsend,74610
376,Potter,74610
377,Goodwin,74610
378,Walton,74610
379,Rowe,72123
380,Hampton,72123
381,Ortega,72123
382,Patton,72123
383,Swanson,72123
384,Joseph,72123
385,Francis,72123
386,Goodman,72123
387,Maldonado,72123
388,Yates,72123
389,Becker,72123
390,Erickson,72123
391,Hodges,72123
392,Rios,72123
393,Conner,72123
394,Adkins,72123
395,Webster,69636
396,Norman,69636
397,Malone,69636
398,Hammond,69636
399,Flowers,69636
400,Cobb,69636
401,Moody,69636
402,Quinn,69636
403,Blake,69636
404,Maxwell,69636
405,Pope,69636
406,Floyd,67149
407,Osborne,67149
408,Paul,67149
409,Mccarthy,67149
410,Guerrero,67149
411,Lindsey,67149
412,Estrada,67149
413,Sandoval,67149
414,Gibbs,67149
415,Tyler,67149
416,Gross,67149
417,Fitzgerald,67149
418,Stokes,67149
419,Doyle,67149
420,Sherman,67149
421,Saunders,67149
422,Wise,67149
423,Colon,67149
424,Gill,67149
425,Alvarado,67149
426,Greer,64662
427,Padilla,64662
428,Simon,64662
429,Waters,64662
430,Nunez,64662
431,Ballard,64662
432,Schwartz,64662
433,Mcbride,64662
434,Houston,64662
435,Christensen,64662
436,Klein,64662
437,Pratt,64662
438,Briggs,64662
439,Parsons,64662
440,Mclaughlin,64662
441,Zimmerman,64662
442,French,64662
443,Buchanan,64662
444,Moran,64662
445,Copeland,62175
446,Roy,62175
447,Pittman,62175
448,Brady,62175
449,Mccormick,62175
450,Holloway,62175
451,Brock,62175
452,Poole,62175
453,Frank,62175
454,Logan,62175
455,Owen,62175
456,Bass,62175
457,Marsh,62175
458,Drake,62175
459,Wong,62175
460,Jefferson,62175
461,Park,62175
462,Morton,62175
463,Abbott,62175
464,Sparks,62175
465,Patrick,59688
466,Norton,59688
467,Huff,59688
468,Clayton,59688
469,Massey,59688
470,Lloyd,59688
471,Figueroa,59688
472,Carson,59688
473,Bowers,59688
474,Roberson,59688
475,Barton,59688
476,Tran,59688
477,Lamb,59688
478,Harrington,59688
479,Casey,59688
480,Boone,59688
481,Cortez,59688
482,Clarke,59688
483,Mathis,59688
484,Singleton,59688
485,Wilkins,59688
486,Cain,59688
487,Bryan,59688
488,Underwood,59688
489,Hogan,59688
490,Mckenzie,57201
491,Collier,57201
492,Luna,57201
493,Phelps,57201
494,Mcguire,57201
495,Allison,57201
496,Bridges,57201
497,Wilkerson,57201
498,Nash,57201
499,Summers,57201
500,Atkins,57201
501,Wilcox,57201
502,Pitts,57201
503,Conley,57201
504,Marquez,57201
505,Burnett,57201
506,Richard,57201
507,Cochran,57201
508,Chase,57201
509,Davenport,57201
510,Hood,57201
511,Gates,57201
512,Clay,57201
513,Ayala,57201
514,Sawyer,57201
515,Roman,57201
516,Vazquez,57201
517,Dickerson,57201
518,Hodge,54714
519,Acosta,54714
520,Flynn,54714
521,Espinoza,54714
522,Nicholson,54714
523,Monroe,54714
524,Wolf,54714
525,Morrow,54714
526,Kirk,54714
527,Randall,54714
528,Anthony,54714
529,Whitaker,54714
530,Oconnor,54714
531,Skinner,54714
532,Ware,54714
533,Molina,54714
534,Kirby,54714
535,Huffman,54714
536,Bradford,54714
537,Charles,54714
538,Gilmore,54714
539,Dominguez,54714
540,Oneal,54714
541,Bruce,54714
542,Lang,52227
543,Combs,52227
544,Kramer,52227
545,Heath,52227
546,Hancock,52227
547,Gallagher,52227
548,Gaines,52227
549,Shaffer,52227
550,Short,52227
551,Wiggins,52227
552,Mathews,52227
553,Mcclain,52227
554,Fischer,52227
555,Wall,52227
556,Small,52227
557,Melton,52227
558,Hensley,52227
559,Bond,52227
560,Dyer,52227
561,Cameron,52227
562,Grimes,52227
563,Contreras,52227
564,Christian,52227
565,Wyatt,52227
566,Baxter,52227
567,Snow,52227
568,Mosley,52227
569,Shepherd,52227
570,Larsen,52227
571,Hoover,52227
572,Beasley,49740
573,Glenn,49740
574,Petersen,49740
575,Whitehead,49740
576,Meyers,49740
577,Keith,49740
578,Garrison,49740
579,Vincent,49740
580,Shields,49740
581,Horn,49740
582,Savage,49740
583,Olsen,49740
584,Schroeder,49740
585,Hartman,49740
586,Woodard,49740
587,Mueller,49740
588,Kemp,49740
589,Deleon,49740
590,Booth,49740
591,Patel,49740
592,Calhoun,49740
593,Wiley,49740
594,Eaton,49740
595,Cline,49740
596,Navarro,49740
597,Harrell,49740
598,Lester,49740
599,Humphrey,49740
600,Parrish,49740
601,Duran,49740
602,Hutchinson,49740
603,Hess,49740
604,Dorsey,49740
605,Bullock,49740
606,Robles,49740
607,Beard,47253
608,Dalton,47253
609,Avila,47253
610,Vance,47253
611,Rich,47253
612,Blackwell,47253
613,York,47253
614,Johns,47253
615,Blankenship,47253
616,Trevino,47253
617,Salinas,47253
618,Campos,47253
619,Pruitt,47253
620,Moses,47253
621,Callahan,47253
622,Golden,47253
623,Montoya,47253
624,Hardin,47253
625,Guerra,47253
626,Mcdowell,47253
627,Carey,47253
628,Stafford,47253
629,Gallegos,47253
630,Henson,47253
631,Wilkinson,47253
632,Booker,47253
633,Merritt,47253
634,Miranda,47253
635,Atkinson,47253
636,Orr,47253
637,Decker,47253
638,Hobbs,47253
639,Preston,47253
640,Tanner,47253
641,Knox,47253
642,Pacheco,47253
643,Stephenson,44766
644,Glass,44766
645,Rojas,44766
646,Serrano,44766
647,Marks,44766
648,Hickman,44766
649,English,44766
650,Sweeney,44766
651,Strong,44766
652,Prince,44766
653,Mcclure,44766
654,Conway,44766
655,Walter,44766
656,Roth,44766
657,Maynard,44766
658,Farrell,44766
659,Lowery,44766
660,Hurst,44766
661,Nixon,44766
662,Weiss,44766
663,Trujillo,44766
664,Ellison,44766
665,Sloan,44766
666,Juarez,44766
667,Winters,44766
668,Mclean,44766
669,Randolph,44766
670,Leon,44766
671,Boyer,44766
672,Villarreal,44766
673,Mccall,44766
674,Gentry,44766
675,Carrillo,42279
676,Kent,42279
677,Ayers,42279
678,Lara,42279
679,Shannon,42279
680,Sexton,42279
681,Pace,42279
682,Hull,42279
683,Leblanc,42279
684,Browning,42279
685,Velasquez,42279
686,Leach,42279
687,Chang,42279
688,House,42279
689,Sellers,42279
690,Herring,42279
691,Noble,42279
692,Foley,42279
693,Bartlett,42279
694,Mercado,42279
695,Landry,42279
696,Durham,42279
697,Walls,42279
698,Barr,42279
699,Mckee,42279
700,Bauer,42279
701,Rivers,42279
702,Everett,42279
703,Bradshaw,42279
704,Pugh,42279
705,Velez,42279
706,Rush,42279
707,Estes,42279
708,Dodson,42279
709,Morse,42279
710,Sheppard,42279
711,Weeks,42279
712,Camacho,42279
713,Bean,42279
714,Barron,42279
715,Livingston,42279
716,Middleton,39792
717,Spears,39792
718,Branch,39792
719,Blevins,39792
720,Chen,39792
721,Kerr,39792
722,Mcconnell,39792
723,Hatfield,39792
724,Harding,39792
725,Ashley,39792
726,Solis,39792
727,Herman,39792
728,Frost,39792
729,Giles,39792
730,Blackburn,39792
731,William,39792
732,Pennington,39792
733,Woodward,39792
734,Finley,39792
735,Mcintosh,39792
736,Koch,39792
737,Best,39792
738,Solomon,39792
739,Mccullough,39792
740,Dudley,39792
741,Nolan,39792
742,Blanchard,39792
743,Rivas,39792
744,Brennan,39792
745,Mejia,39792
746,Kane,39792
747,Benton,39792
748,Joyce,39792
749,Buckley,39792
750,Haley,39792
751,Valentine,39792
752,Maddox,39792
753,Russo,39792
754,Mcknight,39792
755,Buck,39792
756,Moon,39792
757,Mcmillan,39792
758,Crosby,39792
759,Berg,39792
760,Dotson,39792
761,Mays,39792
762,Roach,39792
763,Church,39792
764,Chan,39792
765,Richmond,39792
766,Meadows,39792
767,Faulkner,39792
768,Oneill,39792
769,Knapp,39792
770,Kline,37305
771,Barry,37305
772,Ochoa,37305
773,Jacobson,37305
774,Gay,37305
775,Avery,37305
776,Hendricks,37305
777,Horne,37305
778,Shepard,37305
779,Hebert,37305
780,Cherry,37305
781,Cardenas,37305
782,Mcintyre,37305
783,Whitney,37305
784,Waller,37305
785,Holman,37305
786,Donaldson,37305
787,Cantu,37305
788,Terrell,37305
789,Morin,37305
790,Gillespie,37305
791,Fuentes,37305
792,Tillman,37305
793,Sanford,37305
794,Bentley,37305
795,Peck,37305
796,Key,37305
797,Salas,37305
798,Rollins,37305
799,Gamble,37305
800,Dickson,37305
801,Battle,37305
802,Santana,37305
803,Cabrera,37305
804,Cervantes,37305
805,Howe,37305
806,Hinton,37305
807,Hurley,37305
808,Spence,37305
809,Zamora,37305
810,Yang,37305
811,Mcneil,37305
812,Suarez,37305
813,Case,37305
814,Petty,37305
815,Gould,37305
816,Mcfarland,37305
817,Sampson,37305
818,Carver,37305
819,Bray,37305
820,Rosario,37305
821,Macdonald,37305
822,Stout,37305
823,Hester,37305
824,Melendez,37305
825,Dillon,37305
826,Farley,37305
827,Hopper,37305
828,Galloway,37305
829,Potts,37305
830,Bernard,37305
831,Joyner,34818
832,Stein,34818
833,Aguirre,34818
834,Osborn,34818
835,Mercer,34818
836,Bender,34818
837,Franco,34818
838,Rowland,34818
839,Sykes,34818
840,Benjamin,34818
841,Travis,34818
842,Pickett,34818
843,Crane,34818
844,Sears,34818
845,Mayo,34818
846,Dunlap,34818
847,Hayden,34818
848,Wilder,34818
849,Mckay,34818
850,Coffey,34818
851,Mccarty,34818
852,Ewing,34818
853,Cooley,34818
854,Vaughan,34818
855,Bonner,34818
856,Cotton,34818
857,Holder,34818
858,Stark,34818
859,Ferrell,34818
860,Cantrell,34818
861,Fulton,34818
862,Lynn,34818
863,Lott,34818
864,Calderon,34818
865,Rosa,34818
866,Pollard,34818
867,Hooper,34818
868,Burch,34818
869,Mullen,34818
870,Fry,34818
871,Riddle,34818
872,Levy,34818
873,David,34818
874,Duke,34818
875,Odonnell,34818
876,Guy,34818
877,Michael,34818
878,Britt,34818
879,Frederick,34818
880,Daugherty,34818
881,Berger,34818
882,Dillard,34818
883,Alston,34818
884,Jarvis,34818
885,Frye,34818
886,Riggs,34818
887,Chaney,34818
888,Odom,32331
889,Duffy,32331
890,Fitzpatrick,32331
891,Valenzuela,32331
892,Merrill,32331
893,Mayer,32331
894,Alford,32331
895,Mcpherson,32331
896,Acevedo,32331
897,Donovan,32331
898,Barrera,32331
899,Albert,32331
900,Cote,32331
901,Reilly,32331
902,Compton,32331
903,Raymond,32331
904,Mooney,32331
905,Mcgowan,32331
906,Craft,32331
907,Cleveland,32331
908,Clemons,32331
909,Wynn,32331
910,Nielsen,32331
911,Baird,32331
912,Stanton,32331
913,Snider,32331
914,Rosales,32331
915,Bright,32331
916,Witt,32331
917,Stuart,32331
918,Hays,32331
919,Holden,32331
920,Rutledge,32331
921,Kinney,32331
922,Clements,32331
923,Castaneda,32331
924,Slater,32331
925,Hahn,32331
926,Emerson,32331
927,Conrad,32331
928,Burks,32331
929,Delaney,32331
930,Pate,32331
931,Lancaster,32331
932,Sweet,32331
933,Justice,32331
934,Tyson,32331
935,Sharpe,32331
936,Whitfield,32331
937,Talley,32331
938,Macias,32331
939,Irwin,32331
940,Burris,32331
941,Ratliff,32331
942,Mccray,32331
943,Madden,32331
944,Kaufman,32331
945,Beach,32331
946,Goff,32331
947,Cash,32331
948,Bolton,32331
949,Mcfadden,32331
950,Levine,32331
951,Good,32331
952,Byers,32331
953,Kirkland,32331
954,Kidd,32331
955,Workman,32331
956,Carney,32331
957,Dale,32331
958,Mcleod,32331
959,Holcomb,32331
960,England,32331
961,Finch,32331
962,Head,29844
963,Burt,29844
964,Hendrix,29844
965,Sosa,29844
966,Haney,29844
967,Franks,29844
968,Sargent,29844
969,Nieves,29844
970,Downs,29844
971,Rasmussen,29844
972,Bird,29844
973,Hewitt,29844
974,Lindsay,29844
975,Le,29844
976,Foreman,29844
977,Valencia,29844
978,Oneil,29844
979,Delacruz,29844
980,Vinson,29844
981,Dejesus,29844
982,Hyde,29844
983,Forbes,29844
984,Gilliam,29844
985,Guthrie,29844
986,Wooten,29844
987,Huber,29844
988,Barlow,29844
989,Boyle,29844
990,Mcmahon,29844
991,Buckner,29844
992,Rocha,29844
993,Puckett,29844
994,Langley,29844
995,Knowles,29844
996,Cooke,29844
997,Velazquez,29844
998,Whitley,29844
999,Noel,29844
1000,Vang,29844
1001,Shea,29844
1002,Rouse,29844
1003,Hartley,29844
1004,Mayfield,29844
1005,Elder,29844
1006,Rankin,29844
1007,Hanna,29844
1008,Cowan,29844
1009,Lucero,29844
1010,Arroyo,29844
1011,Slaughter,29844
1012,Haas,29844
1013,Oconnell,29844
1014,Minor,29844
1015,Kendrick,29844
1016,Shirley,29844
1017,Kendall,29844
1018,Boucher,29844
1019,Archer,29844
1020,Boggs,29844
1021,Odell,29844
1022,Dougherty,29844
1023,Andersen,29844
1024,Newell,29844
1025,Crowe,29844
1026,Wang,29844
1027,Friedman,29844
1028,Bland,29844
1029,Swain,29844
1030,Holley,29844
1031,Felix,29844
1032,Pearce,29844
1033,Childs,29844
1034,Yarbrough,29844
1035,Galvan,29844
1036,Proctor,29844
1037,Meeks,29844
1038,Lozano,29844
1039,Mora,29844
1040,Rangel,29844
1041,Bacon,29844
1042,Villanueva,29844
1043,Schaefer,29844
1044,Rosado,29844
1045,Helms,29844
1046,Boyce,29844
1047,Goss,29844
1048,Stinson,27357
1049,Smart,27357
1050,Lake,27357
1051,Ibarra,27357
1052,Hutchins,27357
1053,Covington,27357
1054,Reyna,27357
1055,Gregg,27357
1056,Werner,27357
1057,Crowley,27357
1058,Hatcher,27357
1059,Mackey,27357
1060,Bunch,27357
1061,Womack,27357
1062,Polk,27357
1063,Jamison,27357
1064,Dodd,27357
1065,Childress,27357
1066,Childers,27357
1067,Camp,27357
1068,Villa,27357
1069,Dye,27357
1070,Springer,27357
1071,Mahoney,27357
1072,Dailey,27357
1073,Belcher,27357
1074,Lockhart,27357
1075,Griggs,27357
1076,Costa,27357
1077,Connor,27357
1078,Brandt,27357
1079,Winter,27357
1080,Walden,27357
1081,Moser,27357
1082,Tracy,27357
1083,Tatum,27357
1084,Mccann,27357
1085,Akers,27357
1086,Lutz,27357
1087,Pryor,27357
1088,Law,27357
1089,Orozco,27357
1090,Mcallister,27357
1091,Lugo,27357
1092,Davies,27357
1093,Shoemaker,27357
1094,Madison,27357
1095,Rutherford,27357
1096,Newsome,27357
1097,Magee,27357
1098,Chamberlain,27357
1099,Blanton,27357
1100,Simms,27357
1101,Godfrey,27357
1102,Flanagan,27357
1103,Crum,27357
1104,Cordova,27357
1105,Escobar,27357
1106,Downing,27357
1107,Sinclair,27357
1108,Donahue,27357
1109,Krueger,27357
1110,Mcginnis,27357
1111,Gore,27357
1112,Farris,27357
1113,Webber,27357
1114,Corbett,27357
1115,Andrade,27357
1116,Starr,27357
1117,Lyon,27357
1118,Yoder,27357
1119,Hastings,27357
1120,Mcgrath,27357
1121,Spivey,27357
1122,Krause,27357
1123,Harden,27357
1124,Crabtree,27357
1125,Kirkpatrick,27357
1126,Hollis,27357
1127,Brandon,27357
1128,Arrington,27357
1129,Ervin,27357
1130,Clifton,27357
1131,Ritter,27357
1132,Mcghee,27357
1133,Bolden,27357
1134,Maloney,27357
1135,Gagnon,27357
1136,Dunbar,27357
1137,Ponce,27357
1138,Pike,27357
1139,Mayes,27357
1140,Heard,27357
1141,Beatty,27357
1142,Mobley,27357
1143,Kimball,27357
1144,Butts,27357
1145,Montes,27357
1146,Herbert,27357
1147,Grady,27357
1148,Eldridge,27357
1149,Braun,27357
1150,Hamm,27357
1151,Gibbons,27357
1152,Seymour,27357
1153,Moyer,27357
1154,Manley,27357
1155,Herron,27357
1156,Plummer,27357
1157,Elmore,27357
1158,Cramer,27357
1159,Gary,27357
1160,Rucker,27357
1161,Hilton,27357
1162,Blue,27357
1163,Pierson,27357
1164,Fontenot,27357
1165,Field,27357
1166,Rubio,27357
1167,Grace,27357
1168,Goldstein,27357
1169,Elkins,27357
1170,Wills,24870
1171,Novak,24870
1172,John,24870
1173,Hickey,24870
1174,Worley,24870
1175,Gorman,24870
1176,Katz,24870
1177,Dickinson,24870
1178,Broussard,24870
1179,Fritz,24870
1180,Woodruff,24870
1181,Crow,24870
1182,Christopher,24870
1183,Britton,24870
1184,Forrest,24870
1185,Nance,24870
1186,Lehman,24870
1187,Bingham,24870
1188,Zuniga,24870
1189,Whaley,24870
1190,Shafer,24870
1191,Coffman,24870
1192,Steward,24870
1193,Delarosa,24870
1194,Nix,24870
1195,Neely,24870
1196,Numbers,24870
1197,Mata,24870
1198,Manuel,24870
1199,Davila,24870
1200,Mccabe,24870
1201,Kessler,24870
1202,Emery,24870
1203,Bowling,24870
1204,Hinkle,24870
1205,Welsh,24870
1206,Pagan,24870
1207,Goldberg,24870
1208,Goins,24870
1209,Crouch,24870
1210,Cuevas,24870
1211,Quinones,24870
1212,Mcdermott,24870
1213,Hendrickson,24870
1214,Samuels,24870
1215,Denton,24870
1216,Bergeron,24870
1217,Lam,24870
1218,Ivey,24870
1219,Locke,24870
1220,Haines,24870
1221,Thurman,24870
1222,Snell,24870
1223,Hoskins,24870
1224,Byrne,24870
1225,Milton,24870
1226,Winston,24870
1227,Arthur,24870
1228,Arias,24870
1229,Stanford,24870
1230,Roe,24870
1231,Corbin,24870
1232,Beltran,24870
1233,Chappell,24870
1234,Hurt,24870
1235,Downey,24870
1236,Dooley,24870
1237,Tuttle,24870
1238,Couch,24870
1239,Payton,24870
1240,Mcelroy,24870
1241,Crockett,24870
1242,Groves,24870
1243,Clement,24870
1244,Leslie,24870
1245,Cartwright,24870
1246,Dickey,24870
1247,Mcgill,24870
1248,Dubois,24870
1249,Muniz,24870
1250,Erwin,24870
1251,Self,24870
1252,Tolbert,24870
1253,Dempsey,24870
1254,Cisneros,24870
1255,Sewell,24870
1256,Latham,24870
1257,Garland,24870
1258,Vigil,24870
1259,Tapia,24870
1260,Sterling,24870
1261,Rainey,24870
1262,Norwood,24870
1263,Lacy,24870
1264,Stroud,24870
1265,Meade,24870
1266,Amos,24870
1267,Tipton,24870
1268,Lord,24870
1269,Kuhn,24870
1270,Hilliard,24870
1271,Bonilla,24870
1272,Teague,24870
1273,Courtney,24870
1274,Gunn,24870
1275,Ho,24870
1276,Greenwood,24870
1277,Correa,24870
1278,Reece,24870
1279,Weston,24870
1280,Poe,24870
1281,Trent,24870
1282,Pineda,24870
1283,Phipps,24870
1284,Frey,24870
1285,Kaiser,24870
1286,Ames,24870
1287,Paige,24870
1288,Gunter,24870
1289,Schmitt,24870
1290,Milligan,24870
1291,Espinosa,24870
1292,Carlton,24870
1293,Bowden,24870
1294,Vickers,24870
1295,Lowry,24870
1296,Pritchard,24870
1297,Costello,24870
1298,Piper,22383
1299,Mcclellan,22383
1300,Lovell,22383
1301,Drew,22383
1302,Sheehan,22383
1303,Quick,22383
1304,Hatch,22383
1305,Dobson,22383
1306,Singh,22383
1307,Jeffries,22383
1308,Hollingsworth,22383
1309,Sorensen,22383
1310,Meza,22383
1311,Fink,22383
1312,Donnelly,22383
1313,Burrell,22383
1314,Bruno,22383
1315,Tomlinson,22383
1316,Colbert,22383
1317,Billings,22383
1318,Ritchie,22383
1319,Helton,22383
1320,Sutherland,22383
1321,Peoples,22383
1322,Mcqueen,22383
1323,Gaston,22383
1324,Thomason,22383
1325,Mckinley,22383
1326,Givens,22383
1327,Crocker,22383
1328,Vogel,22383
1329,Robison,22383
1330,Dunham,22383
1331,Coker,22383
1332,Swartz,22383
1333,Keys,22383
1334,Lilly,22383
1335,Ladner,22383
1336,Hannah,22383
1337,Willard,22383
1338,Richter,22383
1339,Hargrove,22383
1340,Edmonds,22383
1341,Brantley,22383
1342,Albright,22383
1343,Murdock,22383
1344,Boswell,22383
1345,Muller,22383
1346,Quintero,22383
1347,Padgett,22383
1348,Kenney,22383
1349,Daly,22383
1350,Connolly,22383
1351,Pierre,22383
1352,Inman,22383
1353,Quintana,22383
1354,Lund,22383
1355,Barnard,22383
1356,Villegas,22383
1357,Simons,22383
1358,Land,22383
1359,Huggins,22383
1360,Tidwell,22383
1361,Sanderson,22383
1362,Bullard,22383
1363,Mcclendon,22383
1364,Duarte,22383
1365,Draper,22383
1366,Meredith,22383
1367,Marrero,22383
1368,Dwyer,22383
1369,Abrams,22383
1370,Stover,22383
1371,Goode,22383
1372,Fraser,22383
1373,Crews,22383
1374,Bernal,22383
1375,Smiley,22383
1376,Godwin,22383
1377,Fish,22383
1378,Conklin,22383
1379,Mcneal,22383
1380,Baca,22383
1381,Esparza,22383
1382,Crowder,22383
1383,Bower,22383
1384,Nicholas,22383
1385,Chung,22383
1386,Brewster,22383
1387,Mcneill,22383
1388,Dick,22383
1389,Rodrigues,22383
1390,Leal,22383
1391,Coates,22383
1392,Raines,22383
1393,Mccain,22383
1394,Mccord,22383
1395,Miner,22383
1396,Holbrook,22383
1397,Swift,22383
1398,Dukes,22383
1399,Carlisle,22383
1400,Aldridge,22383
1401,Ackerman,22383
1402,Starks,22383
1403,Ricks,22383
1404,Holliday,22383
1405,Ferris,22383
1406,Hairston,22383
1407,Sheffield,22383
1408,Lange,22383
1409,Fountain,22383
1410,Marino,22383
1411,Doss,22383
1412,Betts,22383
1413,Kaplan,22383
1414,Carmichael,22383
1415,Bloom,22383
1416,Ruffin,22383
1417,Penn,22383
1418,Kern,22383
1419,Bowles,22383
1420,Sizemore,22383
1421,Larkin,22383
1422,Dupree,22383
1423,Jewell,22383
1424,Silver,22383
1425,Seals,22383
1426,Metcalf,22383
1427,Hutchison,22383
1428,Henley,22383
1429,Farr,22383
1430,Castle,22383
1431,Mccauley,22383
1432,Hankins,22383
1433,Gustafson,22383
1434,Deal,22383
1435,Curran,22383
1436,Ash,22383
1437,Waddell,22383
1438,Ramey,22383
1439,Cates,22383
1440,Pollock,22383
1441,Major,22383
1442,Irvin,22383
1443,Cummins,22383
1444,Messer,22383
1445,Heller,22383
1446,Dewitt,22383
1447,Lin,22383
1448,Funk,22383
1449,Cornett,22383
1450,Palacios,22383
1451,Galindo,22383
1452,Cano,22383
1453,Hathaway,22383
1454,Singer,19896
1455,Pham,19896
1456,Enriquez,19896
1457,Aaron,19896
1458,Salgado,19896
1459,Pelletier,19896
1460,Painter,19896
1461,Wiseman,19896
1462,Blount,19896
1463,Hand,19896
1464,Feliciano,19896
1465,Temple,19896
1466,Houser,19896
1467,Doherty,19896
1468,Mead,19896
1469,Mcgraw,19896
1470,Toney,19896
1471,Swan,19896
1472,Melvin,19896
1473,Capps,19896
1474,Blanco,19896
1475,Blackmon,19896
1476,Wesley,19896
1477,Thomson,19896
1478,Mcmanus,19896
1479,Fair,19896
1480,Burkett,19896
1481,Post,19896
1482,Gleason,19896
1483,Rudolph,19896
1484,Ott,19896
1485,Dickens,19896
1486,Cormier,19896
1487,Voss,19896
1488,Rushing,19896
1489,Rosenberg,19896
1490,Hurd,19896
1491,Dumas,19896
1492,Benitez,19896
1493,Arellano,19896
1494,Story,19896
1495,Marin,19896
1496,Caudill,19896
1497,Bragg,19896
1498,Jaramillo,19896
1499,Huerta,19896
1500,Gipson,19896
1501,Colvin,19896
1502,Biggs,19896
1503,Vela,19896
1504,Platt,19896
1505,Cassidy,19896
1506,Tompkins,19896
1507,Mccollum,19896
1508,Kay,19896
1509,Gabriel,19896
1510,Dolan,19896
1511,Daley,19896
1512,Crump,19896
1513,Street,19896
1514,Sneed,19896
1515,Kilgore,19896
1516,Grove,19896
1517,Grimm,19896
1518,Davison,19896
1519,Brunson,19896
1520,Prater,19896
1521,Marcum,19896
1522,Devine,19896
1523,Kyle,19896
1524,Dodge,19896
1525,Stratton,19896
1526,Rosas,19896
1527,Choi,19896
1528,Tripp,19896
1529,Ledbetter,19896
1530,Lay,19896
1531,Hightower,19896
1532,Haywood,19896
1533,Feldman,19896
1534,Epps,19896
1535,Yeager,19896
1536,Posey,19896
1537,Sylvester,19896
1538,Scruggs,19896
1539,Cope,19896
1540,Stubbs,19896
1541,Richey,19896
1542,Overton,19896
1543,Trotter,19896
1544,Sprague,19896
1545,Cordero,19896
1546,Butcher,19896
1547,Burger,19896
1548,Stiles,19896
1549,Burgos,19896
1550,Woodson,19896
1551,Horner,19896
1552,Bassett,19896
1553,Purcell,19896
1554,Haskins,19896
1555,Gee,19896
1556,Akins,19896
1557,Abraham,19896
1558,Hoyt,19896
1559,Ziegler,19896
1560,Spaulding,19896
1561,Hadley,19896
1562,Grubbs,19896
1563,Sumner,19896
1564,Murillo,19896
1565,Zavala,19896
1566,Shook,19896
1567,Lockwood,19896
1568,Jarrett,19896
1569,Driscoll,19896
1570,Dahl,19896
1571,Thorpe,19896
1572,Sheridan,19896
1573,Redmond,19896
1574,Putnam,19896
1575,Mcwilliams,19896
1576,Mcrae,19896
1577,Cornell,19896
1578,Felton,19896
1579,Romano,19896
1580,Joiner,19896
1581,Sadler,19896
1582,Hedrick,19896
1583,Hager,19896
1584,Hagen,19896
1585,Fitch,19896
1586,Coulter,19896
1587,Thacker,19896
1588,Mansfield,19896
1589,Langston,19896
1590,Guidry,19896
1591,Ferreira,19896
1592,Corley,19896
1593,Conn,19896
1594,Rossi,19896
1595,Lackey,19896
1596,Cody,19896
1597,Baez,19896
1598,Saenz,19896
1599,Mcnamara,19896
1600,Darnell,19896
1601,Michel,19896
1602,Mcmullen,19896
1603,Mckenna,19896
1604,Mcdonough,19896
1605,Link,19896
1606,Engel,19896
1607,Browne,19896
1608,Roper,19896
1609,Peacock,19896
1610,Eubanks,19896
1611,Drummond,19896
1612,Stringer,19896
1613,Pritchett,19896
1614,Parham,19896
1615,Mims,19896
1616,Landers,19896
1617,Ham,19896
1618,Grayson,19896
1619,Stacy,19896
1620,Schafer,19896
1621,Egan,19896
1622,Timmons,19896
1623,Ohara,19896
1624,Keen,19896
1625,Hamlin,19896
1626,Finn,19896
1627,Cortes,19896
1628,Mcnair,19896
1629,Louis,19896
1630,Clifford,19896
1631,Nadeau,19896
1632,Moseley,19896
1633,Michaud,19896
1634,Rosen,19896
1635,Oakes,19896
1636,Kurtz,19896
1637,Jeffers,19896
1638,Calloway,19896
1639,Beal,19896
1640,Bautista,19896
1641,Winn,19896
1642,Suggs,19896
1643,Stern,19896
1644,Stapleton,19896
1645,Lyles,19896
1646,Laird,19896
1647,Montano,19896
1648,Diamond,19896
1649,Dawkins,19896
1650,Roland,19896
1651,Hagan,19896
1652,Goldman,19896
1653,Bryson,19896
1654,Barajas,19896
1655,Lovett,19896
1656,Segura,19896
1657,Metz,19896
1658,Lockett,19896
1659,Langford,19896
1660,Hinson,19896
1661,Eastman,19896
1662,Rock,19896
1663,Hooks,19896
1664,Woody,17409
1665,Smallwood,17409
1666,Shapiro,17409
1667,Crowell,17409
1668,Whalen,17409
1669,Triplett,17409
1670,Hooker,17409
1671,Chatman,17409
1672,Aldrich,17409
1673,Cahill,17409
1674,Youngblood,17409
1675,Ybarra,17409
1676,Stallings,17409
1677,Sheets,17409
1678,Samuel,17409
1679,Reeder,17409
1680,Person,17409
1681,Pack,17409
1682,Lacey,17409
1683,Connelly,17409
1684,Bateman,17409
1685,Abernathy,17409
1686,Winkler,17409
1687,Wilkes,17409
1688,Masters,17409
1689,Hackett,17409
1690,Granger,17409
1691,Gillis,17409
1692,Schmitz,17409
1693,Sapp,17409
1694,Napier,17409
1695,Souza,17409
1696,Lanier,17409
1697,Gomes,17409
1698,Weir,17409
1699,Otero,17409
1700,Ledford,17409
1701,Burroughs,17409
1702,Babcock,17409
1703,Ventura,17409
1704,Siegel,17409
1705,Dugan,17409
1706,Clinton,17409
1707,Christie,17409
1708,Bledsoe,17409
1709,Atwood,17409
1710,Wray,17409
1711,Varner,17409
1712,Spangler,17409
1713,Otto,17409
1714,Anaya,17409
1715,Staley,17409
1716,Kraft,17409
1717,Fournier,17409
1718,Eddy,17409
1719,Belanger,17409
1720,Wolff,17409
1721,Thorne,17409
1722,Bynum,17409
1723,Burnette,17409
1724,Boykin,17409
1725,Swenson,17409
1726,Purvis,17409
1727,Pina,17409
1728,Khan,17409
1729,Duvall,17409
1730,Darby,17409
1731,Xiong,17409
1732,Kauffman,17409
1733,Ali,17409
1734,Yu,17409
1735,Healy,17409
1736,Engle,17409
1737,Corona,17409
1738,Benoit,17409
1739,Valle,17409
1740,Steiner,17409
1741,Spicer,17409
1742,Shaver,17409
1743,Randle,17409
1744,Lundy,17409
1745,Dow,17409
1746,Chin,17409
1747,Calvert,17409
1748,Staton,17409
1749,Neff,17409
1750,Kearney,17409
1751,Darden,17409
1752,Oakley,17409
1753,Medeiros,17409
1754,Mccracken,17409
1755,Crenshaw,17409
1756,Block,17409
1757,Beaver,17409
1758,Perdue,17409
1759,Dill,17409
1760,Whittaker,17409
1761,Tobin,17409
1762,Cornelius,17409
1763,Washburn,17409
1764,Hogue,17409
1765,Goodrich,17409
1766,Easley,17409
1767,Bravo,17409
1768,Dennison,17409
1769,Vera,17409
1770,Shipley,17409
1771,Kerns,17409
1772,Jorgensen,17409
1773,Crain,17409
1774,Abel,17409
1775,Villalobos,17409
1776,Maurer,17409
1777,Longoria,17409
1778,Keene,17409
1779,Coon,17409
1780,Sierra,17409
1781,Witherspoon,17409
1782,Staples,17409
1783,Pettit,17409
1784,Kincaid,17409
1785,Eason,17409
1786,Madrid,17409
1787,Echols,17409
1788,Lusk,17409
1789,Wu,17409
1790,Stahl,17409
1791,Currie,17409
1792,Thayer,17409
1793,Shultz,17409
1794,Sherwood,17409
1795,Mcnally,17409
1796,Seay,17409
1797,North,17409
1798,Maher,17409
1799,Kenny,17409
1800,Hope,17409
1801,Gagne,17409
1802,Barrow,17409
1803,Nava,17409
1804,Myles,17409
1805,Moreland,17409
1806,Honeycutt,17409
1807,Hearn,17409
1808,Diggs,17409
1809,Caron,17409
1810,Whitten,17409
1811,Westbrook,17409
1812,Stovall,17409
1813,Ragland,17409
1814,Queen,17409
1815,Munson,17409
1816,Meier,17409
1817,Looney,17409
1818,Kimble,17409
1819,Jolly,17409
1820,Hobson,17409
1821,London,17409
1822,Goddard,17409
1823,Culver,17409
1824,Burr,17409
1825,Presley,17409
1826,Negron,17409
1827,Connell,17409
1828,Tovar,17409
1829,Marcus,17409
1830,Huddleston,17409
1831,Hammer,17409
1832,Ashby,17409
1833,Salter,17409
1834,Root,17409
1835,Pendleton,17409
1836,Oleary,17409
1837,Nickerson,17409
1838,Myrick,17409
1839,Judd,17409
1840,Jacobsen,17409
1841,Elliot,17409
1842,Bain,17409
1843,Adair,17409
1844,Starnes,17409
1845,Sheldon,17409
1846,Matos,17409
1847,Light,17409
1848,Busby,17409
1849,Herndon,17409
1850,Hanley,17409
1851,Bellamy,17409
1852,Jack,17409
1853,Doty,17409
1854,Bartley,17409
1855,Yazzie,17409
1856,Rowell,17409
1857,Parson,17409
1858,Gifford,17409
1859,Cullen,17409
1860,Christiansen,17409
1861,Benavides,17409
1862,Barnhart,17409
1863,Talbot,17409
1864,Mock,17409
1865,Crandall,17409
1866,Connors,17409
1867,Bonds,17409
1868,Whitt,17409
1869,Gage,17409
1870,Bergman,17409
1871,Arredondo,17409
1872,Addison,17409
1873,Marion,17409
1874,Lujan,17409
1875,Dowdy,17409
1876,Jernigan,17409
1877,Huynh,17409
1878,Bouchard,17409
1879,Dutton,17409
1880,Rhoades,17409
1881,Ouellette,17409
1882,Kiser,17409
1883,Rubin,17409
1884,Herrington,17409
1885,Hare,17409
1886,Denny,17409
1887,Blackman,17409
1888,Babb,17409
1889,Allred,17409
1890,Rudd,17409
1891,Paulson,17409
1892,Ogden,17409
1893,Koenig,17409
1894,Jacob,17409
1895,Irving,17409
1896,Geiger,17409
1897,Begay,17409
1898,Parra,17409
1899,Champion,17409
1900,Lassiter,17409
1901,Hawk,17409
1902,Esposito,17409
1903,Cho,17409
1904,Waldron,17409
1905,Vernon,17409
1906,Ransom,17409
1907,Prather,17409
1908,Keenan,17409
1909,Jean,17409
1910,Grover,17409
1911,Chacon,17409
1912,Vick,17409
1913,Sands,17409
1914,Roark,17409
1915,Parr,17409
1916,Mayberry,17409
1917,Greenberg,17409
1918,Coley,17409
1919,Bruner,17409
1920,Whitman,17409
1921,Skaggs,17409
1922,Shipman,17409
1923,Means,17409
1924,Leary,17409
1925,Hutton,17409
1926,Romo,17409
1927,Medrano,17409
1928,Ladd,17409
1929,Kruse,17409
1930,Friend,17409
1931,Darling,17409
1932,Askew,17409
1933,Valentin,17409
1934,Schulz,17409
1935,Alfaro,17409
1936,Tabor,17409
1937,Mohr,17409
1938,Gallo,17409
1939,Bermudez,17409
1940,Pereira,17409
1941,Isaac,17409
1942,Bliss,17409
1943,Reaves,14922
1944,Flint,14922
1945,Comer,14922
1946,Boston,14922
1947,Woodall,14922
1948,Naquin,14922
1949,Guevara,14922
1950,Earl,14922
1951,Delong,14922
1952,Carrier,14922
1953,Pickens,14922
1954,Brand,14922
1955,Tilley,14922
1956,Schaffer,14922
1957,Read,14922
1958,Lim,14922
1959,Knutson,14922
1960,Fenton,14922
1961,Doran,14922
1962,Chu,14922
1963,Vogt,14922
1964,Vann,14922
1965,Prescott,14922
1966,Mclain,14922
1967,Landis,14922
1968,Corcoran,14922
1969,Ambrose,14922
1970,Zapata,14922
1971,Hyatt,14922
1972,Hemphill,14922
1973,Faulk,14922
1974,Call,14922
1975,Dove,14922
1976,Boudreaux,14922
1977,Aragon,14922
1978,Whitlock,14922
1979,Trejo,14922
1980,Tackett,14922
1981,Shearer,14922
1982,Saldana,14922
1983,Hanks,14922
1984,Gold,14922
1985,Driver,14922
1986,Mckinnon,14922
1987,Koehler,14922
1988,Champagne,14922
1989,Bourgeois,14922
1990,Pool,14922
1991,Keyes,14922
1992,Goodson,14922
1993,Foote,14922
1994,Early,14922
1995,Lunsford,14922
1996,Goldsmith,14922
1997,Flood,14922
1998,Winslow,14922
1999,Sams,14922
2000,Reagan,14922
2001,Mccloud,14922
2002,Hough,14922
2003,Esquivel,14922
2004,Naylor,14922
2005,Loomis,14922
2006,Coronado,14922
2007,Ludwig,14922
2008,Braswell,14922
2009,Bearden,14922
2010,Sherrill,14922
2011,Huang,14922
2012,Fagan,14922
2013,Ezell,14922
2014,Edmondson,14922
2015,Cyr,14922
2016,Cronin,14922
2017,Nunn,14922
2018,Lemon,14922
2019,Guillory,14922
2020,Grier,14922
2021,Dubose,14922
2022,Traylor,14922
2023,Ryder,14922
2024,Dobbins,14922
2025,Coyle,14922
2026,Aponte,14922
2027,Whitmore,14922
2028,Smalls,14922
2029,Rowan,14922
2030,Malloy,14922
2031,Cardona,14922
2032,Braxton,14922
2033,Borden,14922
2034,Humphries,14922
2035,Carrasco,14922
2036,Ruff,14922
2037,Metzger,14922
2038,Huntley,14922
2039,Hinojosa,14922
2040,Finney,14922
2041,Madsen,14922
2042,Hong,14922
2043,Hills,14922
2044,Ernst,14922
2045,Dozier,14922
2046,Burkhart,14922
2047,Bowser,14922
2048,Peralta,14922
2049,Daigle,14922
2050,Whittington,14922
2051,Sorenson,14922
2052,Saucedo,14922
2053,Roche,14922
2054,Redding,14922
2055,Loyd,14922
2056,Fugate,14922
2057,Avalos,14922
2058,Waite,14922
2059,Lind,14922
2060,Huston,14922
2061,Hay,14922
2062,Benedict,14922
2063,Hawthorne,14922
2064,Hamby,14922
2065,Boyles,14922
2066,Boles,14922
2067,Regan,14922
2068,Faust,14922
2069,Crook,14922
2070,Beam,14922
2071,Barger,14922
2072,Hinds,14922
2073,Gallardo,14922
2074,Elias,14922
2075,Willoughby,14922
2076,Willingham,14922
2077,Wilburn,14922
2078,Eckert,14922
2079,Busch,14922
2080,Zepeda,14922
2081,Worthington,14922
2082,Tinsley,14922
2083,Russ,14922
2084,Li,14922
2085,Hoff,14922
2086,Hawley,14922
2087,Carmona,14922
2088,Varela,14922
2089,Rector,14922
2090,Newcomb,14922
2091,Mallory,14922
2092,Kinsey,14922
2093,Dube,14922
2094,Whatley,14922
2095,Strange,14922
2096,Ragsdale,14922
2097,Ivy,14922
2098,Bernstein,14922
2099,Becerra,14922
2100,Yost,14922
2101,Mattson,14922
2102,Ly,14922
2103,Felder,14922
2104,Cheek,14922
2105,Luke,14922
2106,Handy,14922
2107,Grossman,14922
2108,Gauthier,14922
2109,Escobedo,14922
2110,Braden,14922
2111,Beckman,14922
2112,Mott,14922
2113,Hillman,14922
2114,Gil,14922
2115,Flaherty,14922
2116,Dykes,14922
2117,Doe,14922
2118,Stockton,14922
2119,Stearns,14922
2120,Lofton,14922
2121,Kitchen,14922
2122,Coats,14922
2123,Cavazos,14922
2124,Beavers,14922
2125,Barrios,14922
2126,Tang,14922
2127,Parish,14922
2128,Mosher,14922
2129,Lincoln,14922
2130,Cardwell,14922
2131,Coles,14922
2132,Burnham,14922
2133,Weller,14922
2134,Lemons,14922
2135,Beebe,14922
2136,Aguilera,14922
2137,Ring,14922
2138,Parnell,14922
2139,Harman,14922
2140,Couture,14922
2141,Alley,14922
2142,Schumacher,14922
2143,Redd,14922
2144,Dobbs,14922
2145,Blum,14922
2146,Blalock,14922
2147,Merchant,14922
2148,Ennis,14922
2149,Denson,14922
2150,Cottrell,14922
2151,Chester,14922
2152,Brannon,14922
2153,Bagley,14922
2154,Aviles,14922
2155,Watt,14922
2156,Sousa,14922
2157,Rosenthal,14922
2158,Rooney,14922
2159,Dietz,14922
2160,Blank,14922
2161,Paquette,14922
2162,Mcclelland,14922
2163,Duff,14922
2164,Velasco,14922
2165,Lentz,14922
2166,Grubb,14922
2167,Burrows,14922
2168,Barbour,14922
2169,Ulrich,14922
2170,Shockley,14922
2171,Rader,14922
2172,German,14922
2173,Beyer,14922
2174,Mixon,14922
2175,Layton,14922
2176,Altman,14922
2177,Alonzo,14922
2178,Weathers,14922
2179,Titus,14922
2180,Stoner,14922
2181,Squires,14922
2182,Shipp,14922
2183,Priest,14922
2184,Lipscomb,14922
2185,Cutler,14922
2186,Caballero,14922
2187,Zimmer,14922
2188,Willett,14922
2189,Thurston,14922
2190,Storey,14922
2191,Medley,14922
2192,Lyle,14922
2193,Epperson,14922
2194,Shah,14922
2195,Mcmillian,14922
2196,Baggett,14922
2197,Torrez,14922
2198,Laws,14922
2199,Hirsch,14922
2200,Dent,14922
2201,Corey,14922
2202,Poirier,14922
2203,Peachey,14922
2204,Jacques,14922
2205,Farrar,14922
2206,Creech,14922
2207,Barth,14922
2208,Trimble,14922
2209,France,14922
2210,Dupre,14922
2211,Albrecht,14922
2212,Sample,14922
2213,Lawler,14922
2214,Crisp,14922
2215,Conroy,14922
2216,Chadwick,14922
2217,Wetzel,14922
2218,Nesbitt,14922
2219,Murry,14922
2220,Jameson,14922
2221,Wilhelm,14922
2222,Patten,14922
2223,Minton,14922
2224,Matson,14922
2225,Kimbrough,14922
2226,Iverson,14922
2227,Guinn,14922
2228,Gale,14922
2229,Fortune,14922
2230,Croft,14922
2231,Toth,14922
2232,Pulliam,14922
2233,Nugent,14922
2234,Newby,14922
2235,Littlejohn,14922
2236,Dias,14922
2237,Canales,14922
2238,Bernier,14922
2239,Baron,14922
2240,Barney,14922
2241,Singletary,14922
2242,Renteria,14922
2243,Pruett,14922
2244,Mchugh,14922
2245,Mabry,14922
2246,Landrum,14922
2247,Brower,14922
2248,Weldon,14922
2249,Stoddard,14922
2250,Ruth,14922
2251,Cagle,14922
2252,Stjohn,14922
2253,Scales,14922
2254,Kohler,14922
2255,Kellogg,14922
2256,Hopson,14922
2257,Gant,14922
2258,Tharp,14922
2259,Gann,14922
2260,Zeigler,14922
2261,Pringle,14922
2262,Hammons,14922
2263,Fairchild,14922
2264,Deaton,14922
2265,Chavis,14922
2266,Carnes,14922
2267,Rowley,14922
2268,Matlock,14922
2269,Libby,14922
2270,Kearns,14922
2271,Irizarry,14922
2272,Carrington,14922
2273,Starkey,14922
2274,Pepper,14922
2275,Lopes,14922
2276,Jarrell,14922
2277,Fay,14922
2278,Craven,14922
2279,Beverly,14922
2280,Baum,14922
2281,Spain,12435
2282,Littlefield,12435
2283,Linn,12435
2284,Humphreys,12435
2285,Hook,12435
2286,High,12435
2287,Etheridge,12435
2288,Cuellar,12435
2289,Chastain,12435
2290,Chance,12435
2291,Bundy,12435
2292,Speer,12435
2293,Skelton,12435
2294,Quiroz,12435
2295,Pyle,12435
2296,Portillo,12435
2297,Ponder,12435
2298,Moulton,12435
2299,Machado,12435
2300,Liu,12435
2301,Killian,12435
2302,Hutson,12435
2303,Hitchcock,12435
2304,Ellsworth,12435
2305,Dowling,12435
2306,Cloud,12435
2307,Burdick,12435
2308,Spann,12435
2309,Pedersen,12435
2310,Levin,12435
2311,Leggett,12435
2312,Hayward,12435
2313,Hacker,12435
2314,Dietrich,12435
2315,Beaulieu,12435
2316,Barksdale,12435
2317,Wakefield,12435
2318,Snowden,12435
2319,Paris,12435
2320,Briscoe,12435
2321,Bowie,12435
2322,Berman,12435
2323,Ogle,12435
2324,Mcgregor,12435
2325,Laughlin,12435
2326,Helm,12435
2327,Burden,12435
2328,Wheatley,12435
2329,Schreiber,12435
2330,Pressley,12435
2331,Parris,12435
2332,Ng,12435
2333,Alaniz,12435
2334,Agee,12435
2335,Urban,12435
2336,Swann,12435
2337,Snodgrass,12435
2338,Schuster,12435
2339,Radford,12435
2340,Monk,12435
2341,Mattingly,12435
2342,Main,12435
2343,Lamar,12435
2344,Harp,12435
2345,Girard,12435
2346,Cheney,12435
2347,Yancey,12435
2348,Wagoner,12435
2349,Ridley,12435
2350,Lombardo,12435
2351,Lau,12435
2352,Hudgins,12435
2353,Gaskins,12435
2354,Duckworth,12435
2355,Coe,12435
2356,Coburn,12435
2357,Willey,12435
2358,Prado,12435
2359,Newberry,12435
2360,Magana,12435
2361,Hammonds,12435
2362,Elam,12435
2363,Whipple,12435
2364,Slade,12435
2365,Serna,12435
2366,Ojeda,12435
2367,Liles,12435
2368,Dorman,12435
2369,Diehl,12435
2370,Angel,12435
2371,Upton,12435
2372,Reardon,12435
2373,Michaels,12435
2374,Kelsey,12435
2375,Goetz,12435
2376,Eller,12435
2377,Bauman,12435
2378,Baer,12435
2379,Augustine,12435
2380,Layne,12435
2381,Hummel,12435
2382,Brenner,12435
2383,Amaya,12435
2384,Adamson,12435
2385,Ornelas,12435
2386,Dowell,12435
2387,Cloutier,12435
2388,Christy,12435
2389,Castellanos,12435
2390,Wing,12435
2391,Wellman,12435
2392,Saylor,12435
2393,Orourke,12435
2394,Moya,12435
2395,Montalvo,12435
2396,Kilpatrick,12435
2397,Harley,12435
2398,Durbin,12435
2399,Shell,12435
2400,Oldham,12435
2401,Kang,12435
2402,Garvin,12435
2403,Foss,12435
2404,Branham,12435
2405,Bartholomew,12435
2406,Templeton,12435
2407,Maguire,12435
2408,Holton,12435
2409,Alonso,12435
2410,Rider,12435
2411,Monahan,12435
2412,Mccormack,12435
2413,Beaty,12435
2414,Anders,12435
2415,Streeter,12435
2416,Nieto,12435
2417,Nielson,12435
2418,Moffett,12435
2419,Lankford,12435
2420,Keating,12435
2421,Heck,12435
2422,Gatlin,12435
2423,Delatorre,12435
2424,Callaway,12435
2425,Adcock,12435
2426,Worrell,12435
2427,Unger,12435
2428,Robinette,12435
2429,Nowak,12435
2430,Jeter,12435
2431,Brunner,12435
2432,Ashton,12435
2433,Steen,12435
2434,Parrott,12435
2435,Overstreet,12435
2436,Nobles,12435
2437,Montanez,12435
2438,Luther,12435
2439,Clevenger,12435
2440,Brinkley,12435
2441,Trahan,12435
2442,Quarles,12435
2443,Pickering,12435
2444,Pederson,12435
2445,Jansen,12435
2446,Grantham,12435
2447,Gilchrist,12435
2448,Crespo,12435
2449,Aiken,12435
2450,Schell,12435
2451,Schaeffer,12435
2452,Lorenz,12435
2453,Leyva,12435
2454,Harms,12435
2455,Dyson,12435
2456,Wallis,12435
2457,Pease,12435
2458,Leavitt,12435
2459,Hyman,12435
2460,Cheng,12435
2461,Cavanaugh,12435
2462,Batts,12435
2463,Warden,12435
2464,Seaman,12435
2465,Rockwell,12435
2466,Quezada,12435
2467,Paxton,12435
2468,Linder,12435
2469,Houck,12435
2470,Fontaine,12435
2471,Durant,12435
2472,Caruso,12435
2473,Adler,12435
2474,Pimentel,12435
2475,Mize,12435
2476,Lytle,12435
2477,Donald,12435
2478,Cleary,12435
2479,Cason,12435
2480,Acker,12435
2481,Switzer,12435
2482,Salmon,12435
2483,Isaacs,12435
2484,Higginbotham,12435
2485,Han,12435
2486,Waterman,12435
2487,Vandyke,12435
2488,Stamper,12435
2489,Sisk,12435
2490,Shuler,12435
2491,Riddick,12435
2492,Redman,12435
2493,Mcmahan,12435
2494,Levesque,12435
2495,Hatton,12435
2496,Bronson,12435
2497,Bollinger,12435
2498,Arnett,12435
2499,Okeefe,12435
2500,Gerber,12435
2501,Gannon,12435
2502,Farnsworth,12435
2503,Baughman,12435
2504,Silverman,12435
2505,Satterfield,12435
2506,Royal,12435
2507,Mccrary,12435
2508,Kowalski,12435
2509,Joy,12435
2510,Grigsby,12435
2511,Greco,12435
2512,Cabral,12435
2513,Trout,12435
2514,Rinehart,12435
2515,Mahon,12435
2516,Linton,12435
2517,Gooden,12435
2518,Curley,12435
2519,Baugh,12435
2520,Wyman,12435
2521,Weiner,12435
2522,Schwab,12435
2523,Schuler,12435
2524,Morrissey,12435
2525,Mahan,12435
2526,Coy,12435
2527,Bunn,12435
2528,Andrew,12435
2529,Thrasher,12435
2530,Spear,12435
2531,Waggoner,12435
2532,Shelley,12435
2533,Robert,12435
2534,Qualls,12435
2535,Purdy,12435
2536,Mcwhorter,12435
2537,Mauldin,12435
2538,Mark,12435
2539,Jordon,12435
2540,Gilman,12435
2541,Perryman,12435
2542,Newsom,12435
2543,Menard,12435
2544,Martino,12435
2545,Graf,12435
2546,Billingsley,12435
2547,Artis,12435
2548,Simpkins,12435
2549,Salisbury,12435
2550,Quintanilla,12435
2551,Gilliland,12435
2552,Fraley,12435
2553,Foust,12435
2554,Crouse,12435
2555,Scarborough,12435
2556,Ngo,12435
2557,Grissom,12435
2558,Fultz,12435
2559,Rico,12435
2560,Marlow,12435
2561,Markham,12435
2562,Madrigal,12435
2563,Lawton,12435
2564,Barfield,12435
2565,Whiting,12435
2566,Varney,12435
2567,Schwarz,12435
2568,Huey,12435
2569,Gooch,12435
2570,Arce,12435
2571,Wheat,12435
2572,Truong,12435
2573,Poulin,12435
2574,Mackenzie,12435
2575,Leone,12435
2576,Hurtado,12435
2577,Selby,12435
2578,Gaither,12435
2579,Fortner,12435
2580,Culpepper,12435
2581,Coughlin,12435
2582,Brinson,12435
2583,Boudreau,12435
2584,Barkley,12435
2585,Bales,12435
2586,Stepp,12435
2587,Holm,12435
2588,Tan,12435
2589,Schilling,12435
2590,Morrell,12435
2591,Kahn,12435
2592,Heaton,12435
2593,Gamez,12435
2594,Douglass,12435
2595,Causey,12435
2596,Brothers,12435
2597,Turpin,12435
2598,Shanks,12435
2599,Schrader,12435
2600,Meek,12435
2601,Isom,12435
2602,Hardison,12435
2603,Carranza,12435
2604,Yanez,12435
2605,Way,12435
2606,Scroggins,12435
2607,Schofield,12435
2608,Runyon,12435
2609,Ratcliff,12435
2610,Murrell,12435
2611,Moeller,12435
2612,Irby,12435
2613,Currier,12435
2614,Butterfield,12435
2615,Yee,12435
2616,Ralston,12435
2617,Pullen,12435
2618,Pinson,12435
2619,Estep,12435
2620,East,12435
2621,Carbone,12435
2622,Lance,12435
2623,Hawks,12435
2624,Ellington,12435
2625,Casillas,12435
2626,Spurlock,12435
2627,Sikes,12435
2628,Motley,12435
2629,Mccartney,12435
2630,Kruger,12435
2631,Isbell,12435
2632,Houle,12435
2633,Francisco,12435
2634,Burk,12435
2635,Bone,12435
2636,Tomlin,12435
2637,Shelby,12435
2638,Quigley,12435
2639,Neumann,12435
2640,Lovelace,12435
2641,Fennell,12435
2642,Colby,12435
2643,Cheatham,12435
2644,Bustamante,12435
2645,Skidmore,12435
2646,Hidalgo,12435
2647,Forman,12435
2648,Culp,12435
2649,Bowens,12435
2650,Betancourt,12435
2651,Aquino,12435
2652,Robb,12435
2653,Rea,12435
2654,Milner,12435
2655,Martel,12435
2656,Gresham,12435
2657,Wiles,12435
2658,Ricketts,12435
2659,Gavin,12435
2660,Dowd,12435
2661,Collazo,12435
2662,Bostic,12435
2663,Blakely,12435
2664,Sherrod,12435
2665,Power,12435
2666,Kenyon,12435
2667,Gandy,12435
2668,Ebert,12435
2669,Deloach,12435
2670,Cary,12435
2671,Bull,12435
2672,Allard,12435
2673,Sauer,12435
2674,Robins,12435
2675,Olivares,12435
2676,Gillette,12435
2677,Chestnut,12435
2678,Bourque,12435
2679,Paine,12435
2680,Lyman,12435
2681,Hite,12435
2682,Hauser,12435
2683,Devore,12435
2684,Crawley,12435
2685,Chapa,12435
2686,Vu,12435
2687,Tobias,12435
2688,Talbert,12435
2689,Poindexter,12435
2690,Millard,12435
2691,Meador,12435
2692,Mcduffie,12435
2693,Mattox,12435
2694,Kraus,12435
2695,Harkins,12435
2696,Choate,12435
2697,Bess,12435
2698,Wren,12435
2699,Sledge,12435
2700,Sanborn,12435
2701,Outlaw,12435
2702,Kinder,12435
2703,Geary,12435
2704,Cornwell,12435
2705,Barclay,12435
2706,Adam,12435
2707,Abney,12435
2708,Seward,12435
2709,Rhoads,12435
2710,Howland,12435
2711,Fortier,12435
2712,Easter,12435
2713,Benner,12435
2714,Vines,12435
2715,Tubbs,12435
2716,Troutman,12435
2717,Rapp,12435
2718,Noe,12435
2719,Mccurdy,12435
2720,Harder,12435
2721,Deluca,12435
2722,Westmoreland,12435
2723,South,12435
2724,Havens,12435
2725,Guajardo,12435
2726,Ely,12435
2727,Clary,12435
2728,Seal,12435
2729,Meehan,12435
2730,Herzog,12435
2731,Guillen,12435
2732,Ashcraft,12435
2733,Waugh,12435
2734,Renner,12435
2735,Milam,12435
2736,Jung,12435
2737,Elrod,12435
2738,Churchill,12435
2739,Buford,12435
2740,Breaux,12435
2741,Bolin,12435
2742,Asher,12435
2743,Windham,12435
2744,Tirado,12435
2745,Pemberton,12435
2746,Nolen,12435
2747,Noland,12435
2748,Knott,12435
2749,Emmons,12435
2750,Cornish,12435
2751,Christenson,12435
2752,Brownlee,12435
2753,Barbee,12435
2754,Waldrop,9948
2755,Pitt,9948
2756,Olvera,9948
2757,Lombardi,9948
2758,Gruber,9948
2759,Gaffney,9948
2760,Eggleston,9948
2761,Banda,9948
2762,Archuleta,9948
2763,Still,9948
2764,Slone,9948
2765,Prewitt,9948
2766,Pfeiffer,9948
2767,Nettles,9948
2768,Mena,9948
2769,Mcadams,9948
2770,Henning,9948
2771,Gardiner,9948
2772,Cromwell,9948
2773,Chisholm,9948
2774,Burleson,9948
2775,Box,9948
2776,Vest,9948
2777,Oglesby,9948
2778,Mccarter,9948
2779,Malcolm,9948
2780,Lumpkin,9948
2781,Larue,9948
2782,Grey,9948
2783,Wofford,9948
2784,Vanhorn,9948
2785,Thorn,9948
2786,Teel,9948
2787,Swafford,9948
2788,Stclair,9948
2789,Stanfield,9948
2790,Ocampo,9948
2791,Herrmann,9948
2792,Hannon,9948
2793,Arsenault,9948
2794,Roush,9948
2795,Mcalister,9948
2796,Hiatt,9948
2797,Gunderson,9948
2798,Forsythe,9948
2799,Duggan,9948
2800,Delvalle,9948
2801,Cintron,9948
2802,Wilks,9948
2803,Weinstein,9948
2804,Uribe,9948
2805,Rizzo,9948
2806,Noyes,9948
2807,Mclendon,9948
2808,Gurley,9948
2809,Bethea,9948
2810,Winstead,9948
2811,Maples,9948
2812,Harry,9948
2813,Guyton,9948
2814,Giordano,9948
2815,Alderman,9948
2816,Valdes,9948
2817,Polanco,9948
2818,Pappas,9948
2819,Lively,9948
2820,Grogan,9948
2821,Griffiths,9948
2822,Bobo,9948
2823,Arevalo,9948
2824,Whitson,9948
2825,Sowell,9948
2826,Rendon,9948
2827,Matthew,9948
2828,Julian,9948
2829,Fernandes,9948
2830,Farrow,9948
2831,Edmond,9948
2832,Benavidez,9948
2833,Ayres,9948
2834,Alicea,9948
2835,Stump,9948
2836,Smalley,9948
2837,Seitz,9948
2838,Schulte,9948
2839,Gilley,9948
2840,Gallant,9948
2841,Dewey,9948
2842,Casper,9948
2843,Canfield,9948
2844,Wolford,9948
2845,Omalley,9948
2846,Mcnutt,9948
2847,Mcnulty,9948
2848,Mcgovern,9948
2849,Hardman,9948
2850,Harbin,9948
2851,Cowart,9948
2852,Chavarria,9948
2853,Brink,9948
2854,Beckett,9948
2855,Bagwell,9948
2856,Armstead,9948
2857,Anglin,9948
2858,Abreu,9948
2859,Reynoso,9948
2860,Krebs,9948
2861,Jett,9948
2862,Hoffmann,9948
2863,Greenfield,9948
2864,Forte,9948
2865,Burney,9948
2866,Broome,9948
2867,Sisson,9948
2868,Parent,9948
2869,Jude,9948
2870,Younger,9948
2871,Trammell,9948
2872,Partridge,9948
2873,Marvin,9948
2874,Mace,9948
2875,Lomax,9948
2876,Lemieux,9948
2877,Gossett,9948
2878,Frantz,9948
2879,Fogle,9948
2880,Cooney,9948
2881,Broughton,9948
2882,Pence,9948
2883,Paulsen,9948
2884,Neil,9948
2885,Muncy,9948
2886,Mcarthur,9948
2887,Hollins,9948
2888,Edward,9948
2889,Beauchamp,9948
2890,Withers,9948
2891,Osorio,9948
2892,Mulligan,9948
2893,Hoyle,9948
2894,Foy,9948
2895,Dockery,9948
2896,Cockrell,9948
2897,Begley,9948
2898,Amador,9948
2899,Roby,9948
2900,Rains,9948
2901,Lindquist,9948
2902,Gentile,9948
2903,Everhart,9948
2904,Bohannon,9948
2905,Wylie,9948
2906,Thao,9948
2907,Sommers,9948
2908,Purnell,9948
2909,Palma,9948
2910,Fortin,9948
2911,Dunning,9948
2912,Breeden,9948
2913,Vail,9948
2914,Phelan,9948
2915,Phan,9948
2916,Marx,9948
2917,Cosby,9948
2918,Colburn,9948
2919,Chong,9948
2920,Boling,9948
2921,Biddle,9948
2922,Ledesma,9948
2923,Gaddis,9948
2924,Denney,9948
2925,Chow,9948
2926,Bueno,9948
2927,Berrios,9948
2928,Wicker,9948
2929,Tolliver,9948
2930,Thibodeaux,9948
2931,Nagle,9948
2932,Lavoie,9948
2933,Fisk,9948
2934,Do,9948
2935,Crist,9948
2936,Barbosa,9948
2937,Reedy,9948
2938,March,9948
2939,Locklear,9948
2940,Kolb,9948
2941,Himes,9948
2942,Behrens,9948
2943,Beckwith,9948
2944,Beckham,9948
2945,Weems,9948
2946,Wahl,9948
2947,Shorter,9948
2948,Shackelford,9948
2949,Rees,9948
2950,Muse,9948
2951,Free,9948
2952,Cerda,9948
2953,Valadez,9948
2954,Thibodeau,9948
2955,Saavedra,9948
2956,Ridgeway,9948
2957,Reiter,9948
2958,Mchenry,9948
2959,Majors,9948
2960,Lachance,9948
2961,Keaton,9948
2962,Israel,9948
2963,Ferrara,9948
2964,Falcon,9948
2965,Clemens,9948
2966,Blocker,9948
2967,Applegate,9948
2968,Paz,9948
2969,Needham,9948
2970,Mojica,9948
2971,Kuykendall,9948
2972,Hamel,9948
2973,Escamilla,9948
2974,Doughty,9948
2975,Burchett,9948
2976,Ainsworth,9948
2977,Wilbur,9948
2978,Vidal,9948
2979,Upchurch,9948
2980,Thigpen,9948
2981,Strauss,9948
2982,Spruill,9948
2983,Sowers,9948
2984,Riggins,9948
2985,Ricker,9948
2986,Mccombs,9948
2987,Harlow,9948
2988,Garnett,9948
2989,Buffington,9948
2990,Yi,9948
2991,Sotelo,9948
2992,Olivas,9948
2993,Negrete,9948
2994,Morey,9948
2995,Macon,9948
2996,Logsdon,9948
2997,Lapointe,9948
2998,Florence,9948
2999,Cathey,9948
3000,Bigelow,9948
3001,Bello,9948
3002,Westfall,9948
3003,Stubblefield,9948
3004,Peak,9948
3005,Lindley,9948
3006,Jeffrey,9948
3007,Hein,9948
3008,Hawes,9948
3009,Farrington,9948
3010,Edge,9948
3011,Breen,9948
3012,Birch,9948
3013,Wilde,9948
3014,Steed,9948
3015,Sepulveda,9948
3016,Reinhardt,9948
3017,Proffitt,9948
3018,Minter,9948
3019,Messina,9948
3020,Mcnabb,9948
3021,Maier,9948
3022,Keeler,9948
3023,Gamboa,9948
3024,Donohue,9948
3025,Dexter,9948
3026,Basham,9948
3027,Shinn,9948
3028,Orlando,9948
3029,Crooks,9948
3030,Cota,9948
3031,Borders,9948
3032,Bills,9948
3033,Bachman,9948
3034,Tisdale,9948
3035,Tavares,9948
3036,Schmid,9948
3037,Pickard,9948
3038,Jasper,9948
3039,Gulley,9948
3040,Fonseca,9948
3041,Delossantos,9948
3042,Condon,9948
3043,Clancy,9948
3044,Batista,9948
3045,Wicks,9948
3046,Wadsworth,9948
3047,New,9948
3048,Martell,9948
3049,Lo,9948
3050,Littleton,9948
3051,Ison,9948
3052,Haag,9948
3053,Folsom,9948
3054,Brumfield,9948
3055,Broyles,9948
3056,Brito,9948
3057,Mireles,9948
3058,Mcdonnell,9948
3059,Leclair,9948
3060,Hamblin,9948
3061,Gough,9948
3062,Fanning,9948
3063,Binder,9948
3064,Winfield,9948
3065,Whitworth,9948
3066,Soriano,9948
3067,Palumbo,9948
3068,Newkirk,9948
3069,Mangum,9948
3070,Hutcherson,9948
3071,Comstock,9948
3072,Cecil,9948
3073,Carlin,9948
3074,Beall,9948
3075,Bair,9948
3076,Wendt,9948
3077,Watters,9948
3078,Walling,9948
3079,Putman,9948
3080,Otoole,9948
3081,Oliva,9948
3082,Morley,9948
3083,Mares,9948
3084,Lemus,9948
3085,Keener,9948
3086,Jeffery,9948
3087,Hundley,9948
3088,Dial,9948
3089,Damico,9948
3090,Billups,9948
3091,Strother,9948
3092,Mcfarlane,9948
3093,Lamm,9948
3094,Eaves,9948
3095,Crutcher,9948
3096,Caraballo,9948
3097,Canty,9948
3098,Atwell,9948
3099,Taft,9948
3100,Siler,9948
3101,Rust,9948
3102,Rawls,9948
3103,Rawlings,9948
3104,Prieto,9948
3105,Niles,9948
3106,Mcneely,9948
3107,Mcafee,9948
3108,Hulsey,9948
3109,Harlan,9948
3110,Hackney,9948
3111,Galvez,9948
3112,Escalante,9948
3113,Delagarza,9948
3114,Crider,9948
3115,Charlton,9948
3116,Bandy,9948
3117,Wilbanks,9948
3118,Stowe,9948
3119,Steinberg,9948
3120,Samson,9948
3121,Renfro,9948
3122,Masterson,9948
3123,Massie,9948
3124,Lanham,9948
3125,Haskell,9948
3126,Hamrick,9948
3127,Fort,9948
3128,Dehart,9948
3129,Card,9948
3130,Burdette,9948
3131,Branson,9948
3132,Bourne,9948
3133,Babin,9948
3134,Aleman,9948
3135,Worthy,9948
3136,Tibbs,9948
3137,Sweat,9948
3138,Smoot,9948
3139,Slack,9948
3140,Paradis,9948
3141,Packard,9948
3142,Mull,9948
3143,Luce,9948
3144,Houghton,9948
3145,Gantt,9948
3146,Furman,9948
3147,Danner,9948
3148,Christianson,9948
3149,Burge,9948
3150,Broderick,9948
3151,Ashford,9948
3152,Arndt,9948
3153,Almeida,9948
3154,Stallworth,9948
3155,Shade,9948
3156,Searcy,9948
3157,Sager,9948
3158,Noonan,9948
3159,Mclemore,9948
3160,Mcintire,9948
3161,Maxey,9948
3162,Lavigne,9948
3163,Jobe,9948
3164,Ireland,9948
3165,Ferrer,9948
3166,Falk,9948
3167,Edgar,9948
3168,Coffin,9948
3169,Byrnes,9948
3170,Aranda,9948
3171,Apodaca,9948
3172,Stamps,9948
3173,Rounds,9948
3174,Peek,9948
3175,Olmstead,9948
3176,Lewandowski,9948
3177,Kaminski,9948
3178,Her,9948
3179,Dunaway,9948
3180,Bruns,9948
3181,Brackett,9948
3182,Amato,9948
3183,Reich,9948
3184,Mcclung,9948
3185,Lacroix,9948
3186,Koontz,9948
3187,Herrick,9948
3188,Hardesty,9948
3189,Flanders,9948
3190,Cousins,9948
3191,Close,9948
3192,Cato,9948
3193,Cade,9948
3194,Vickery,9948
3195,Shank,9948
3196,Nagel,9948
3197,Dupuis,9948
3198,Croteau,9948
3199,Cotter,9948
3200,Cable,9948
3201,Stuckey,9948
3202,Stine,9948
3203,Porterfield,9948
3204,Pauley,9948
3205,Nye,9948
3206,Moffitt,9948
3207,Lu,9948
3208,Knudsen,9948
3209,Hardwick,9948
3210,Goforth,9948
3211,Dupont,9948
3212,Blunt,9948
3213,Barrows,9948
3214,Barnhill,9948
3215,Shull,9948
3216,Rash,9948
3217,Ralph,9948
3218,Penny,9948
3219,Lorenzo,9948
3220,Loftis,9948
3221,Lemay,9948
3222,Kitchens,9948
3223,Horvath,9948
3224,Grenier,9948
3225,Fuchs,9948
3226,Fairbanks,9948
3227,Culbertson,9948
3228,Calkins,9948
3229,Burnside,9948
3230,Beattie,9948
3231,Ashworth,9948
3232,Albertson,9948
3233,Wertz,9948
3234,Vo,9948
3235,Vaught,9948
3236,Vallejo,9948
3237,Tyree,9948
3238,Turk,9948
3239,Tuck,9948
3240,Tijerina,9948
3241,Sage,9948
3242,Picard,9948
3243,Peterman,9948
3244,Otis,9948
3245,Marroquin,9948
3246,Marr,9948
3247,Lantz,9948
3248,Hoang,9948
3249,Demarco,9948
3250,Daily,9948
3251,Cone,9948
3252,Berube,9948
3253,Barnette,9948
3254,Wharton,9948
3255,Stinnett,9948
3256,Slocum,9948
3257,Scanlon,9948
3258,Sander,9948
3259,Pinto,9948
3260,Mancuso,9948
3261,Lima,9948
3262,Judge,9948
3263,Headley,9948
3264,Epstein,9948
3265,Counts,9948
3266,Clarkson,9948
3267,Carnahan,9948
3268,Brice,9948
3269,Boren,9948
3270,Arteaga,9948
3271,Adame,9948
3272,Zook,9948
3273,Whittle,9948
3274,Whitehurst,9948
3275,Wenzel,9948
3276,Saxton,9948
3277,Rhea,9948
3278,Reddick,9948
3279,Puente,9948
3280,Hazel,9948
3281,Handley,9948
3282,Haggerty,9948
3283,Earley,9948
3284,Devlin,9948
3285,Dallas,9948
3286,Chaffin,9948
3287,Cady,9948
3288,Ahmed,9948
3289,Acuna,9948
3290,Solano,9948
3291,Sigler,9948
3292,Pollack,9948
3293,Pendergrass,9948
3294,Ostrander,9948
3295,Janes,9948
3296,Francois,9948
3297,Fine,9948
3298,Crutchfield,9948
3299,Cordell,9948
3300,Chamberlin,9948
3301,Brubaker,9948
3302,Baptiste,9948
3303,Willson,9948
3304,Reis,9948
3305,Neeley,9948
3306,Mullin,9948
3307,Mercier,9948
3308,Lira,9948
3309,Layman,9948
3310,Keeling,9948
3311,Higdon,9948
3312,Guest,9948
3313,Forrester,9948
3314,Espinal,9948
3315,Dion,9948
3316,Chapin,9948
3317,Carl,9948
3318,Warfield,9948
3319,Toledo,9948
3320,Pulido,9948
3321,Peebles,9948
3322,Nagy,9948
3323,Montague,9948
3324,Mello,9948
3325,Lear,9948
3326,Jaeger,9948
3327,Hogg,9948
3328,Graff,9948
3329,Furr,9948
3330,Derrick,9948
3331,Cave,9948
3332,Canada,9948
3333,Soliz,9948
3334,Poore,9948
3335,Mendenhall,9948
3336,Mclaurin,9948
3337,Maestas,9948
3338,Low,9948
3339,Gable,9948
3340,Belt,9948
3341,Barraza,9948
3342,Tillery,9948
3343,Snead,9948
3344,Pond,9948
3345,Neill,9948
3346,Mcculloch,9948
3347,Mccorkle,9948
3348,Lightfoot,9948
3349,Hutchings,9948
3350,Holloman,9948
3351,Harness,9948
3352,Dorn,9948
3353,Council,9948
3354,Bock,9948
3355,Zielinski,9948
3356,Turley,9948
3357,Treadwell,9948
3358,Stpierre,9948
3359,Starling,9948
3360,Somers,9948
3361,Oswald,9948
3362,Merrick,9948
3363,Marquis,9948
3364,Ivory,9948
3365,Easterling,9948
3366,Bivens,9948
3367,Truitt,9948
3368,Poston,9948
3369,Parry,9948
3370,Ontiveros,9948
3371,Olivarez,9948
3372,Neville,9948
3373,Moreau,9948
3374,Medlin,9948
3375,Ma,9948
3376,Lenz,9948
3377,Knowlton,9948
3378,Fairley,9948
3379,Cobbs,9948
3380,Chisolm,9948
3381,Bannister,9948
3382,Woodworth,9948
3383,Toler,9948
3384,Ocasio,9948
3385,Noriega,9948
3386,Neuman,9948
3387,Moye,9948
3388,Milburn,9948
3389,Mcclanahan,9948
3390,Lilley,9948
3391,Hanes,9948
3392,Flannery,9948
3393,Dellinger,9948
3394,Danielson,9948
3395,Conti,9948
3396,Blodgett,9948
3397,Beers,9948
3398,Weatherford,9948
3399,Strain,9948
3400,Karr,9948
3401,Hitt,9948
3402,Denham,9948
3403,Custer,9948
3404,Coble,9948
3405,Clough,9948
3406,Casteel,9948
3407,Bolduc,9948
3408,Batchelor,9948
3409,Ammons,9948
3410,Whitlow,9948
3411,Tierney,9948
3412,Staten,9948
3413,Sibley,9948
3414,Seifert,9948
3415,Schubert,9948
3416,Salcedo,9948
3417,Mattison,9948
3418,Laney,9948
3419,Haggard,9948
3420,Grooms,9948
3421,Dix,9948
3422,Dees,9948
3423,Cromer,9948
3424,Cooks,9948
3425,Colson,9948
3426,Caswell,9948
3427,Zarate,9948
3428,Swisher,9948
3429,Stacey,9948
3430,Shin,9948
3431,Ragan,9948
3432,Pridgen,9948
3433,Mcvey,9948
3434,Matheny,9948
3435,Leigh,9948
3436,Lafleur,9948
3437,Franz,9948
3438,Ferraro,9948
3439,Dugger,9948
3440,Whiteside,9948
3441,Rigsby,9948
3442,Mcmurray,9948
3443,Lehmann,9948
3444,Large,9948
3445,Jacoby,9948
3446,Hildebrand,9948
3447,Hendrick,9948
3448,Headrick,9948
3449,Goad,9948
3450,Fincher,9948
3451,Drury,9948
3452,Borges,9948
3453,Archibald,9948
3454,Albers,9948
3455,Woodcock,9948
3456,Trapp,9948
3457,Soares,9948
3458,Seaton,9948
3459,Richie,9948
3460,Monson,9948
3461,Luckett,9948
3462,Lindberg,9948
3463,Kopp,9948
3464,Keeton,9948
3465,Hsu,9948
3466,Healey,9948
3467,Garvey,9948
3468,Gaddy,9948
3469,Fain,9948
3470,Burchfield,9948
3471,Badger,9948
3472,Wentworth,9948
3473,Strand,9948
3474,Stack,9948
3475,Spooner,9948
3476,Saucier,9948
3477,Sales,9948
3478,Ruby,9948
3479,Ricci,9948
3480,Plunkett,9948
3481,Pannell,9948
3482,Ness,9948
3483,Leger,9948
3484,Hoy,9948
3485,Freitas,9948
3486,Fong,9948
3487,Elizondo,9948
3488,Duval,9948
3489,Chun,9948
3490,Calvin,9948
3491,Beaudoin,9948
3492,Urbina,9948
3493,Stock,9948
3494,Rickard,9948
3495,Partin,9948
3496,Moe,9948
3497,Mcgrew,9948
3498,Mcclintock,9948
3499,Ledoux,9948
3500,Forsyth,9948
3501,Faison,9948
3502,Devries,9948
3503,Bertrand,9948
3504,Wasson,7461
3505,Tilton,7461
3506,Scarbrough,7461
3507,Pride,7461
3508,Oh,7461
3509,Leung,7461
3510,Larry,7461
3511,Irvine,7461
3512,Garber,7461
3513,Denning,7461
3514,Corral,7461
3515,Colley,7461
3516,Castleberry,7461
3517,Bowlin,7461
3518,Bogan,7461
3519,Beale,7461
3520,Baines,7461
3521,TRUE,7461
3522,Trice,7461
3523,Rayburn,7461
3524,Parkinson,7461
3525,Pak,7461
3526,Nunes,7461
3527,Mcmillen,7461
3528,Leahy,7461
3529,Lea,7461
3530,Kimmel,7461
3531,Higgs,7461
3532,Fulmer,7461
3533,Carden,7461
3534,Bedford,7461
3535,Taggart,7461
3536,Spearman,7461
3537,Register,7461
3538,Prichard,7461
3539,Morrill,7461
3540,Koonce,7461
3541,Heinz,7461
3542,Hedges,7461
3543,Guenther,7461
3544,Grice,7461
3545,Findley,7461
3546,Earle,7461
3547,Dover,7461
3548,Creighton,7461
3549,Boothe,7461
3550,Bayer,7461
3551,Arreola,7461
3552,Vitale,7461
3553,Valles,7461
3554,See,7461
3555,Raney,7461
3556,Peter,7461
3557,Osgood,7461
3558,Lowell,7461
3559,Hanlon,7461
3560,Burley,7461
3561,Bounds,7461
3562,Worden,7461
3563,Weatherly,7461
3564,Vetter,7461
3565,Tanaka,7461
3566,Stiltner,7461
3567,Sell,7461
3568,Nevarez,7461
3569,Mosby,7461
3570,Montero,7461
3571,Melancon,7461
3572,Harter,7461
3573,Hamer,7461
3574,Goble,7461
3575,Gladden,7461
3576,Gist,7461
3577,Ginn,7461
3578,Akin,7461
3579,Zaragoza,7461
3580,Towns,7461
3581,Tarver,7461
3582,Sammons,7461
3583,Royster,7461
3584,Oreilly,7461
3585,Muir,7461
3586,Morehead,7461
3587,Luster,7461
3588,Kingsley,7461
3589,Kelso,7461
3590,Grisham,7461
3591,Glynn,7461
3592,Baumann,7461
3593,Alves,7461
3594,Yount,7461
3595,Tamayo,7461
3596,Tam,7461
3597,Paterson,7461
3598,Oates,7461
3599,Menendez,7461
3600,Longo,7461
3601,Hargis,7461
3602,Greenlee,7461
3603,Gillen,7461
3604,Desantis,7461
3605,Conover,7461
3606,Breedlove,7461
3607,Wayne,7461
3608,Sumpter,7461
3609,Scherer,7461
3610,Rupp,7461
3611,Reichert,7461
3612,Heredia,7461
3613,Fallon,7461
3614,Creel,7461
3615,Cohn,7461
3616,Clemmons,7461
3617,Casas,7461
3618,Bickford,7461
3619,Belton,7461
3620,Bach,7461
3621,Williford,7461
3622,Whitcomb,7461
3623,Tennant,7461
3624,Sutter,7461
3625,Stull,7461
3626,Sessions,7461
3627,Mccallum,7461
3628,Manson,7461
3629,Langlois,7461
3630,Keel,7461
3631,Keegan,7461
3632,Emanuel,7461
3633,Dangelo,7461
3634,Dancy,7461
3635,Damron,7461
3636,Clapp,7461
3637,Clanton,7461
3638,Bankston,7461
3639,Trinidad,7461
3640,Oliveira,7461
3641,Mintz,7461
3642,Mcinnis,7461
3643,Martens,7461
3644,Mabe,7461
3645,Laster,7461
3646,Jolley,7461
3647,Irish,7461
3648,Hildreth,7461
3649,Hefner,7461
3650,Glaser,7461
3651,Duckett,7461
3652,Demers,7461
3653,Brockman,7461
3654,Blais,7461
3655,Back,7461
3656,Alcorn,7461
3657,Agnew,7461
3658,Toliver,7461
3659,Tice,7461
3660,Song,7461
3661,Seeley,7461
3662,Najera,7461
3663,Musser,7461
3664,Mcfall,7461
3665,Laplante,7461
3666,Galvin,7461
3667,Fajardo,7461
3668,Doan,7461
3669,Coyne,7461
3670,Copley,7461
3671,Clawson,7461
3672,Cheung,7461
3673,Barone,7461
3674,Wynne,7461
3675,Woodley,7461
3676,Tremblay,7461
3677,Stoll,7461
3678,Sparrow,7461
3679,Sparkman,7461
3680,Schweitzer,7461
3681,Sasser,7461
3682,Samples,7461
3683,Roney,7461
3684,Ramon,7461
3685,Legg,7461
3686,Lai,7461
3687,Joe,7461
3688,Heim,7461
3689,Farias,7461
3690,Concepcion,7461
3691,Colwell,7461
3692,Christman,7461
3693,Bratcher,7461
3694,Alba,7461
3695,Winchester,7461
3696,Upshaw,7461
3697,Southerland,7461
3698,Sorrell,7461
3699,Shay,7461
3700,Sells,7461
3701,Mount,7461
3702,Mccloskey,7461
3703,Martindale,7461
3704,Luttrell,7461
3705,Loveless,7461
3706,Lovejoy,7461
3707,Linares,7461
3708,Latimer,7461
3709,Holly,7461
3710,Embry,7461
3711,Coombs,7461
3712,Bratton,7461
3713,Bostick,7461
3714,Boss,7461
3715,Venable,7461
3716,Tuggle,7461
3717,Toro,7461
3718,Staggs,7461
3719,Sandlin,7461
3720,Jefferies,7461
3721,Heckman,7461
3722,Griffis,7461
3723,Crayton,7461
3724,Clem,7461
3725,Button,7461
3726,Browder,7461
3727,Allan,7461
3728,Thorton,7461
3729,Sturgill,7461
3730,Sprouse,7461
3731,Royer,7461
3732,Rousseau,7461
3733,Ridenour,7461
3734,Pogue,7461
3735,Perales,7461
3736,Peeples,7461
3737,Metzler,7461
3738,Mesa,7461
3739,Mccutcheon,7461
3740,Mcbee,7461
3741,Jay,7461
3742,Hornsby,7461
3743,Heffner,7461
3744,Corrigan,7461
3745,Armijo,7461
3746,Vue,7461
3747,Romeo,7461
3748,Plante,7461
3749,Peyton,7461
3750,Paredes,7461
3751,Macklin,7461
3752,Hussey,7461
3753,Hodgson,7461
3754,Granados,7461
3755,Frias,7461
3756,Carman,7461
3757,Brent,7461
3758,Becnel,7461
3759,Batten,7461
3760,Almanza,7461
3761,Turney,7461
3762,Teal,7461
3763,Sturgeon,7461
3764,Meeker,7461
3765,Mcdaniels,7461
3766,Limon,7461
3767,Keeney,7461
3768,Kee,7461
3769,Hutto,7461
3770,Holguin,7461
3771,Gorham,7461
3772,Fishman,7461
3773,Fierro,7461
3774,Blanchette,7461
3775,Rodrigue,7461
3776,Reddy,7461
3777,Osburn,7461
3778,Oden,7461
3779,Lerma,7461
3780,Kirkwood,7461
3781,Keefer,7461
3782,Haugen,7461
3783,Hammett,7461
3784,Chalmers,7461
3785,Carlos,7461
3786,Brinkman,7461
3787,Baumgartner,7461
3788,Zhang,7461
3789,Valerio,7461
3790,Tellez,7461
3791,Steffen,7461
3792,Shumate,7461
3793,Sauls,7461
3794,Ripley,7461
3795,Kemper,7461
3796,Jacks,7461
3797,Guffey,7461
3798,Evers,7461
3799,Craddock,7461
3800,Carvalho,7461
3801,Blaylock,7461
3802,Banuelos,7461
3803,Balderas,7461
3804,Wooden,7461
3805,Wheaton,7461
3806,Turnbull,7461
3807,Shuman,7461
3808,Pointer,7461
3809,Mosier,7461
3810,Mccue,7461
3811,Ligon,7461
3812,Kozlowski,7461
3813,Johansen,7461
3814,Ingle,7461
3815,Herr,7461
3816,Briones,7461
3817,Southern,7461
3818,Snipes,7461
3819,Rickman,7461
3820,Pipkin,7461
3821,Peace,7461
3822,Pantoja,7461
3823,Orosco,7461
3824,Moniz,7461
3825,Lawless,7461
3826,Kunkel,7461
3827,Hibbard,7461
3828,Galarza,7461
3829,Enos,7461
3830,Bussey,7461
3831,Settle,7461
3832,Schott,7461
3833,Salcido,7461
3834,Perreault,7461
3835,Mcdougal,7461
3836,Mccool,7461
3837,Haight,7461
3838,Garris,7461
3839,Ferry,7461
3840,Easton,7461
3841,Conyers,7461
3842,Atherton,7461
3843,Wimberly,7461
3844,Utley,7461
3845,Stephen,7461
3846,Spellman,7461
3847,Smithson,7461
3848,Slagle,7461
3849,Skipper,7461
3850,Ritchey,7461
3851,Rand,7461
3852,Petit,7461
3853,Osullivan,7461
3854,Oaks,7461
3855,Nutt,7461
3856,Mcvay,7461
3857,Mccreary,7461
3858,Mayhew,7461
3859,Knoll,7461
3860,Jewett,7461
3861,Harwood,7461
3862,Hailey,7461
3863,Cardoza,7461
3864,Ashe,7461
3865,Arriaga,7461
3866,Andres,7461
3867,Zeller,7461
3868,Wirth,7461
3869,Whitmire,7461
3870,Stauffer,7461
3871,Spring,7461
3872,Rountree,7461
3873,Redden,7461
3874,Mccaffrey,7461
3875,Martz,7461
3876,Loving,7461
3877,Larose,7461
3878,Langdon,7461
3879,Humes,7461
3880,Gaskin,7461
3881,Faber,7461
3882,Doll,7461
3883,Devito,7461
3884,Cass,7461
3885,Almond,7461
3886,Wingfield,7461
3887,Wingate,7461
3888,Villareal,7461
3889,Tyner,7461
3890,Smothers,7461
3891,Severson,7461
3892,Reno,7461
3893,Pennell,7461
3894,Maupin,7461
3895,Leighton,7461
3896,Janssen,7461
3897,Hassell,7461
3898,Hallman,7461
3899,Halcomb,7461
3900,Folse,7461
3901,Fitzsimmons,7461
3902,Fahey,7461
3903,Cranford,7461
3904,Bolen,7461
3905,Battles,7461
3906,Battaglia,7461
3907,Wooldridge,7461
3908,Weed,7461
3909,Trask,7461
3910,Rosser,7461
3911,Regalado,7461
3912,Mcewen,7461
3913,Keefe,7461
3914,Fuqua,7461
3915,Echevarria,7461
3916,Domingo,7461
3917,Dang,7461
3918,Caro,7461
3919,Boynton,7461
3920,Andrus,7461
3921,Wild,7461
3922,Viera,7461
3923,Vanmeter,7461
3924,Taber,7461
3925,Spradlin,7461
3926,Seibert,7461
3927,Provost,7461
3928,Prentice,7461
3929,Oliphant,7461
3930,Laporte,7461
3931,Hwang,7461
3932,Hatchett,7461
3933,Hass,7461
3934,Greiner,7461
3935,Freedman,7461
3936,Covert,7461
3937,Chilton,7461
3938,Byars,7461
3939,Wiese,7461
3940,Venegas,7461
3941,Swank,7461
3942,Shrader,7461
3943,Roderick,7461
3944,Roberge,7461
3945,Mullis,7461
3946,Mortensen,7461
3947,Mccune,7461
3948,Marlowe,7461
3949,Kirchner,7461
3950,Keck,7461
3951,Isaacson,7461
3952,Hostetler,7461
3953,Halverson,7461
3954,Gunther,7461
3955,Griswold,7461
3956,Gerard,7461
3957,Fenner,7461
3958,Durden,7461
3959,Blackwood,7461
3960,Bertram,7461
3961,Ahrens,7461
3962,Sawyers,7461
3963,Savoy,7461
3964,Nabors,7461
3965,Mcswain,7461
3966,Mackay,7461
3967,Loy,7461
3968,Lavender,7461
3969,Lash,7461
3970,Labbe,7461
3971,Jessup,7461
3972,Hubert,7461
3973,Fullerton,7461
3974,Donnell,7461
3975,Cruse,7461
3976,Crittenden,7461
3977,Correia,7461
3978,Centeno,7461
3979,Caudle,7461
3980,Canady,7461
3981,Callender,7461
3982,Alarcon,7461
3983,Ahern,7461
3984,Winfrey,7461
3985,Tribble,7461
3986,Tom,7461
3987,Styles,7461
3988,Salley,7461
3989,Roden,7461
3990,Musgrove,7461
3991,Minnick,7461
3992,Fortenberry,7461
3993,Carrion,7461
3994,Bunting,7461
3995,Bethel,7461
3996,Batiste,7461
3997,Woo,7461
3998,Whited,7461
3999,Underhill,7461
4000,Stillwell,7461
4001,Silvia,7461
4002,Rauch,7461
4003,Pippin,7461
4004,Perrin,7461
4005,Messenger,7461
4006,Mancini,7461
4007,Lister,7461
4008,Kinard,7461
4009,Hartmann,7461
4010,Fleck,7461
4011,Broadway,7461
4012,Wilt,7461
4013,Treadway,7461
4014,Thornhill,7461
4015,Speed,7461
4016,Spalding,7461
4017,Sam,7461
4018,Rafferty,7461
4019,Pitre,7461
4020,Patino,7461
4021,Ordonez,7461
4022,Linkous,7461
4023,Kelleher,7461
4024,Homan,7461
4025,Holiday,7461
4026,Galbraith,7461
4027,Feeney,7461
4028,Dorris,7461
4029,Curtin,7461
4030,Coward,7461
4031,Camarillo,7461
4032,Buss,7461
4033,Bunnell,7461
4034,Bolt,7461
4035,Beeler,7461
4036,Autry,7461
4037,Alcala,7461
4038,Witte,7461
4039,Wentz,7461
4040,Stidham,7461
4041,Shively,7461
4042,Nunley,7461
4043,Meacham,7461
4044,Martins,7461
4045,Lemke,7461
4046,Lefebvre,7461
4047,Kaye,7461
4048,Hynes,7461
4049,Horowitz,7461
4050,Hoppe,7461
4051,Holcombe,7461
4052,Estrella,7461
4053,Dunne,7461
4054,Derr,7461
4055,Cochrane,7461
4056,Brittain,7461
4057,Bedard,7461
4058,Beauregard,7461
4059,Torrence,7461
4060,Strunk,7461
4061,Soria,7461
4062,Simonson,7461
4063,Shumaker,7461
4064,Scoggins,7461
4065,Packer,7461
4066,Oconner,7461
4067,Moriarty,7461
4068,Leroy,7461
4069,Kuntz,7461
4070,Ives,7461
4071,Hutcheson,7461
4072,Horan,7461
4073,Hales,7461
4074,Garmon,7461
4075,Fitts,7461
4076,Dell,7461
4077,Bohn,7461
4078,Atchison,7461
4079,Worth,7461
4080,Wisniewski,7461
4081,Will,7461
4082,Vanwinkle,7461
4083,Sturm,7461
4084,Sallee,7461
4085,Prosser,7461
4086,Moen,7461
4087,Lundberg,7461
4088,Kunz,7461
4089,Kohl,7461
4090,Keane,7461
4091,Jorgenson,7461
4092,Jaynes,7461
4093,Funderburk,7461
4094,Freed,7461
4095,Frame,7461
4096,Durr,7461
4097,Creamer,7461
4098,Cosgrove,7461
4099,Candelaria,7461
4100,Berlin,7461
4101,Batson,7461
4102,Vanhoose,7461
4103,Thomsen,7461
4104,Teeter,7461
4105,Sommer,7461
4106,Smyth,7461
4107,Sena,7461
4108,Redmon,7461
4109,Orellana,7461
4110,Maness,7461
4111,Lennon,7461
4112,Heflin,7461
4113,Goulet,7461
4114,Frick,7461
4115,Forney,7461
4116,Dollar,7461
4117,Bunker,7461
4118,Asbury,7461
4119,Aguiar,7461
4120,Talbott,7461
4121,Southard,7461
4122,Pleasant,7461
4123,Mowery,7461
4124,Mears,7461
4125,Lemmon,7461
4126,Krieger,7461
4127,Hickson,7461
4128,Gracia,7461
4129,Elston,7461
4130,Duong,7461
4131,Delgadillo,7461
4132,Dayton,7461
4133,Dasilva,7461
4134,Conaway,7461
4135,Catron,7461
4136,Bruton,7461
4137,Bradbury,7461
4138,Bordelon,7461
4139,Bivins,7461
4140,Bittner,7461
4141,Bergstrom,7461
4142,Beals,7461
4143,Abell,7461
4144,Whelan,7461
4145,Travers,7461
4146,Tejada,7461
4147,Pulley,7461
4148,Pino,7461
4149,Norfleet,7461
4150,Nealy,7461
4151,Maes,7461
4152,Loper,7461
4153,Held,7461
4154,Gerald,7461
4155,Gatewood,7461
4156,Frierson,7461
4157,Freund,7461
4158,Finnegan,7461
4159,Cupp,7461
4160,Covey,7461
4161,Catalano,7461
4162,Boehm,7461
4163,Bader,7461
4164,Yoon,7461
4165,Walston,7461
4166,Tenney,7461
4167,Sipes,7461
4168,Roller,7461
4169,Rawlins,7461
4170,Medlock,7461
4171,Mccaskill,7461
4172,Mccallister,7461
4173,Marcotte,7461
4174,Maclean,7461
4175,Hughey,7461
4176,Henke,7461
4177,Harwell,7461
4178,Gladney,7461
4179,Gilson,7461
4180,Dew,7461
4181,Chism,7461
4182,Caskey,7461
4183,Brandenburg,7461
4184,Baylor,7461
4185,Villasenor,7461
4186,Veal,7461
4187,Van,7461
4188,Thatcher,7461
4189,Stegall,7461
4190,Shore,7461
4191,Petrie,7461
4192,Nowlin,7461
4193,Navarrete,7461
4194,Muhammad,7461
4195,Lombard,7461
4196,Loftin,7461
4197,Lemaster,7461
4198,Kroll,7461
4199,Kovach,7461
4200,Kimbrell,7461
4201,Kidwell,7461
4202,Hershberger,7461
4203,Fulcher,7461
4204,Eng,7461
4205,Cantwell,7461
4206,Bustos,7461
4207,Boland,7461
4208,Bobbitt,7461
4209,Binkley,7461
4210,Wester,7461
4211,Weis,7461
4212,Verdin,7461
4213,Tong,7461
4214,Tiller,7461
4215,Sisco,7461
4216,Sharkey,7461
4217,Seymore,7461
4218,Rosenbaum,7461
4219,Rohr,7461
4220,Quinonez,7461
4221,Pinkston,7461
4222,Nation,7461
4223,Malley,7461
4224,Logue,7461
4225,Lessard,7461
4226,Lerner,7461
4227,Lebron,7461
4228,Krauss,7461
4229,Klinger,7461
4230,Halstead,7461
4231,Haller,7461
4232,Getz,7461
4233,Burrow,7461
4234,Brant,7461
4235,Alger,7461
4236,Victor,7461
4237,Shores,7461
4238,Scully,7461
4239,Pounds,7461
4240,Pfeifer,7461
4241,Perron,7461
4242,Nelms,7461
4243,Munn,7461
4244,Mcmaster,7461
4245,Mckenney,7461
4246,Manns,7461
4247,Knudson,7461
4248,Hutchens,7461
4249,Huskey,7461
4250,Goebel,7461
4251,Flagg,7461
4252,Cushman,7461
4253,Click,7461
4254,Castellano,7461
4255,Carder,7461
4256,Bumgarner,7461
4257,Blaine,7461
4258,Bible,7461
4259,Wampler,7461
4260,Spinks,7461
4261,Robson,7461
4262,Neel,7461
4263,Mcreynolds,7461
4264,Mathias,7461
4265,Maas,7461
4266,Loera,7461
4267,Kasper,7461
4268,Jose,7461
4269,Jenson,7461
4270,Florez,7461
4271,Coons,7461
4272,Buckingham,7461
4273,Brogan,7461
4274,Berryman,7461
4275,Wilmoth,7461
4276,Wilhite,7461
4277,Thrash,7461
4278,Shephard,7461
4279,Seidel,7461
4280,Schulze,7461
4281,Roldan,7461
4282,Pettis,7461
4283,Obryan,7461
4284,Maki,7461
4285,Mackie,7461
4286,Hatley,7461
4287,Frazer,7461
4288,Fiore,7461
4289,Falls,7461
4290,Chesser,7461
4291,Bui,7461
4292,Bottoms,7461
4293,Bisson,7461
4294,Benefield,7461
4295,Allman,7461
4296,Wilke,7461
4297,Trudeau,7461
4298,Timm,7461
4299,Shifflett,7461
4300,Rau,7461
4301,Mundy,7461
4302,Milliken,7461
4303,Mayers,7461
4304,Leake,7461
4305,Kohn,7461
4306,Huntington,7461
4307,Horsley,7461
4308,Hermann,7461
4309,Guerin,7461
4310,Fryer,7461
4311,Frizzell,7461
4312,Foret,7461
4313,Flemming,7461
4314,Fife,7461
4315,Criswell,7461
4316,Carbajal,7461
4317,Bozeman,7461
4318,Boisvert,7461
4319,Archie,7461
4320,Antonio,7461
4321,Angulo,7461
4322,Wallen,7461
4323,Tapp,7461
4324,Silvers,7461
4325,Ramsay,7461
4326,Oshea,7461
4327,Orta,7461
4328,Moll,7461
4329,Mckeever,7461
4330,Mcgehee,7461
4331,Luciano,7461
4332,Linville,7461
4333,Kiefer,7461
4334,Ketchum,7461
4335,Howerton,7461
4336,Groce,7461
4337,Gaylord,7461
4338,Gass,7461
4339,Fusco,7461
4340,Corbitt,7461
4341,Blythe,7461
4342,Betz,7461
4343,Bartels,7461
4344,Amaral,7461
4345,Aiello,7461
4346,Yoo,7461
4347,Weddle,7461
4348,Troy,7461
4349,Sun,7461
4350,Sperry,7461
4351,Seiler,7461
4352,Runyan,7461
4353,Raley,7461
4354,Overby,7461
4355,Osteen,7461
4356,Olds,7461
4357,Mckeown,7461
4358,Mauro,7461
4359,Matney,7461
4360,Lauer,7461
4361,Lattimore,7461
4362,Hindman,7461
4363,Hartwell,7461
4364,Fredrickson,7461
4365,Fredericks,7461
4366,Espino,7461
4367,Clegg,7461
4368,Carswell,7461
4369,Cambell,7461
4370,Burkholder,7461
4371,August,7461
4372,Woodbury,7461
4373,Welker,7461
4374,Totten,7461
4375,Thornburg,7461
4376,Theriault,7461
4377,Stitt,7461
4378,Stamm,7461
4379,Stackhouse,7461
4380,Simone,7461
4381,Scholl,7461
4382,Saxon,7461
4383,Rife,7461
4384,Razo,7461
4385,Quinlan,7461
4386,Pinkerton,7461
4387,Olivo,7461
4388,Nesmith,7461
4389,Nall,7461
4390,Mattos,7461
4391,Leak,7461
4392,Lafferty,7461
4393,Justus,7461
4394,Giron,7461
4395,Geer,7461
4396,Fielder,7461
4397,Eagle,7461
4398,Drayton,7461
4399,Dortch,7461
4400,Conners,7461
4401,Conger,7461
4402,Chau,7461
4403,Boatwright,7461
4404,Billiot,7461
4405,Barden,7461
4406,Armenta,7461
4407,Antoine,7461
4408,Tibbetts,7461
4409,Steadman,7461
4410,Slattery,7461
4411,Sides,7461
4412,Rinaldi,7461
4413,Raynor,7461
4414,Rayford,7461
4415,Pinckney,7461
4416,Pettigrew,7461
4417,Nickel,7461
4418,Milne,7461
4419,Matteson,7461
4420,Halsey,7461
4421,Gonsalves,7461
4422,Fellows,7461
4423,Durand,7461
4424,Desimone,7461
4425,Cowley,7461
4426,Cowles,7461
4427,Brill,7461
4428,Barham,7461
4429,Barela,7461
4430,Barba,7461
4431,Ashmore,7461
4432,Withrow,7461
4433,Valenti,7461
4434,Tejeda,7461
4435,Spriggs,7461
4436,Sayre,7461
4437,Salerno,7461
4438,Place,7461
4439,Peltier,7461
4440,Peel,7461
4441,Merriman,7461
4442,Matheson,7461
4443,Lowman,7461
4444,Lindstrom,7461
4445,Hyland,7461
4446,Homer,7461
4447,Ha,7461
4448,Giroux,7461
4449,Fries,7461
4450,Frasier,7461
4451,Earls,7461
4452,Dugas,7461
4453,Damon,7461
4454,Dabney,7461
4455,Collado,7461
4456,Briseno,7461
4457,Baxley,7461
4458,Andre,7461
4459,Word,7461
4460,Whyte,7461
4461,Wenger,7461
4462,Vanover,7461
4463,Vanburen,7461
4464,Thiel,7461
4465,Schindler,7461
4466,Schiller,7461
4467,Rigby,7461
4468,Pomeroy,7461
4469,Passmore,7461
4470,Marble,7461
4471,Manzo,7461
4472,Mahaffey,7461
4473,Lindgren,7461
4474,Laflamme,7461
4475,Greathouse,7461
4476,Fite,7461
4477,Ferrari,7461
4478,Calabrese,7461
4479,Bayne,7461
4480,Yamamoto,7461
4481,Wick,7461
4482,Townes,7461
4483,Thames,7461
4484,Steel,7461
4485,Reinhart,7461
4486,Peeler,7461
4487,Naranjo,7461
4488,Montez,7461
4489,Mcdade,7461
4490,Mast,7461
4491,Markley,7461
4492,Marchand,7461
4493,Leeper,7461
4494,Kong,7461
4495,Kellum,7461
4496,Hudgens,7461
4497,Hennessey,7461
4498,Hadden,7461
4499,Guess,7461
4500,Gainey,7461
4501,Coppola,7461
4502,Borrego,7461
4503,Bolling,7461
4504,Beane,7461
4505,Ault,7461
4506,Slaton,7461
4507,Poland,7461
4508,Pape,7461
4509,Null,7461
4510,Mulkey,7461
4511,Lightner,7461
4512,Langer,7461
4513,Hillard,7461
4514,Glasgow,7461
4515,Fabian,7461
4516,Ethridge,7461
4517,Enright,7461
4518,Derosa,7461
4519,Baskin,7461
4520,Alfred,7461
4521,Weinberg,7461
4522,Turman,7461
4523,Tinker,7461
4524,Somerville,7461
4525,Pardo,7461
4526,Noll,7461
4527,Lashley,7461
4528,Ingraham,7461
4529,Hiller,7461
4530,Hendon,7461
4531,Glaze,7461
4532,Flora,7461
4533,Cothran,7461
4534,Cooksey,7461
4535,Conte,7461
4536,Carrico,7461
4537,Apple,7461
4538,Abner,7461
4539,Wooley,7461
4540,Swope,7461
4541,Summerlin,7461
4542,Sturgis,7461
4543,Sturdivant,7461
4544,Stott,7461
4545,Spurgeon,7461
4546,Spillman,7461
4547,Speight,7461
4548,Roussel,7461
4549,Popp,7461
4550,Nutter,7461
4551,Mckeon,7461
4552,Mazza,7461
4553,Magnuson,7461
4554,Lanning,7461
4555,Kozak,7461
4556,Jankowski,7461
4557,Heyward,7461
4558,Forster,7461
4559,Corwin,7461
4560,Callaghan,7461
4561,Bays,7461
4562,Wortham,7461
4563,Usher,7461
4564,Theriot,7461
4565,Sayers,7461
4566,Sabo,7461
4567,Rupert,7461
4568,Poling,7461
4569,Nathan,7461
4570,Loya,7461
4571,Lieberman,7461
4572,Levi,7461
4573,Laroche,7461
4574,Labelle,7461
4575,Howes,7461
4576,Harr,7461
4577,Garay,7461
4578,Fogarty,7461
4579,Everson,7461
4580,Durkin,7461
4581,Dominquez,7461
4582,Chaves,7461
4583,Chambliss,7461
4584,Alfonso,7461
4585,Witcher,7461
4586,Wilber,7461
4587,Vieira,7461
4588,Vandiver,7461
4589,Terrill,7461
4590,Stoker,7461
4591,Schreiner,7461
4592,Nestor,7461
4593,Moorman,7461
4594,Liddell,7461
4595,Lew,7461
4596,Lawhorn,7461
4597,Krug,7461
4598,Irons,7461
4599,Hylton,7461
4600,Hollenbeck,7461
4601,Herrin,7461
4602,Hembree,7461
4603,Hair,7461
4604,Goolsby,7461
4605,Goodin,7461
4606,Gilmer,7461
4607,Foltz,7461
4608,Dinkins,7461
4609,Daughtry,7461
4610,Caban,7461
4611,Brim,7461
4612,Briley,7461
4613,Bilodeau,7461
4614,Bear,7461
4615,Wyant,7461
4616,Vergara,7461
4617,Tallent,7461
4618,Swearingen,7461
4619,Stroup,7461
4620,Sherry,7461
4621,Scribner,7461
4622,Roger,7461
4623,Quillen,7461
4624,Pitman,7461
4625,Monaco,7461
4626,Mccants,7461
4627,Maxfield,7461
4628,Martinson,7461
4629,Landon,7461
4630,Holtz,7461
4631,Flournoy,7461
4632,Brookins,7461
4633,Brody,7461
4634,Baumgardner,7461
4635,Angelo,7461
4636,Straub,7461
4637,Sills,7461
4638,Roybal,7461
4639,Roundtree,7461
4640,Oswalt,7461
4641,Money,7461
4642,Mcgriff,7461
4643,Mcdougall,7461
4644,Mccleary,7461
4645,Maggard,7461
4646,Gragg,7461
4647,Gooding,7461
4648,Godinez,7461
4649,Doolittle,7461
4650,Donato,7461
4651,Cowell,7461
4652,Cassell,7461
4653,Bracken,7461
4654,Appel,7461
4655,Ahmad,7461
4656,Zambrano,7461
4657,Reuter,7461
4658,Perea,7461
4659,Olive,7461
4660,Nakamura,7461
4661,Monaghan,7461
4662,Mickens,7461
4663,Mcclinton,7461
4664,Mcclary,7461
4665,Marler,7461
4666,Kish,7461
4667,Judkins,7461
4668,Gilbreath,7461
4669,Freese,7461
4670,Flanigan,7461
4671,Felts,7461
4672,Erdmann,7461
4673,Dodds,7461
4674,Chew,7461
4675,Brownell,7461
4676,Brazil,7461
4677,Boatright,7461
4678,Barreto,7461
4679,Slayton,7461
4680,Sandberg,7461
4681,Saldivar,7461
4682,Pettway,7461
4683,Odum,7461
4684,Narvaez,7461
4685,Moultrie,7461
4686,Montemayor,7461
4687,Merrell,7461
4688,Lees,7461
4689,Keyser,7461
4690,Hoke,7461
4691,Hardaway,7461
4692,Hannan,7461
4693,Gilbertson,7461
4694,Fogg,7461
4695,Dumont,7461
4696,Deberry,7461
4697,Coggins,7461
4698,Carrera,7461
4699,Buxton,7461
4700,Bucher,7461
4701,Broadnax,7461
4702,Beeson,7461
4703,Araujo,7461
4704,Appleton,7461
4705,Amundson,7461
4706,Aguayo,7461
4707,Ackley,7461
4708,Yocum,7461
4709,Worsham,7461
4710,Shivers,7461
4711,Shelly,7461
4712,Sanches,7461
4713,Sacco,7461
4714,Robey,7461
4715,Rhoden,7461
4716,Pender,7461
4717,Ochs,7461
4718,Mccurry,7461
4719,Madera,7461
4720,Luong,7461
4721,Luis,7461
4722,Knotts,7461
4723,Jackman,7461
4724,Heinrich,7461
4725,Hargrave,7461
4726,Gault,7461
4727,Forest,7461
4728,Comeaux,7461
4729,Chitwood,7461
4730,Child,7461
4731,Caraway,7461
4732,Boettcher,7461
4733,Bernhardt,7461
4734,Barrientos,7461
4735,Zink,7461
4736,Wickham,7461
4737,Whiteman,7461
4738,Thorp,7461
4739,Stillman,7461
4740,Settles,7461
4741,Schoonover,7461
4742,Roque,7461
4743,Riddell,7461
4744,Rey,7461
4745,Pilcher,7461
4746,Phifer,7461
4747,Novotny,7461
4748,Maple,7461
4749,Macleod,7461
4750,Hardee,7461
4751,Haase,7461
4752,Grider,7461
4753,Fredrick,7461
4754,Earnest,7461
4755,Doucette,7461
4756,Clausen,7461
4757,Christmas,7461
4758,Bevins,7461
4759,Beamon,7461
4760,Badillo,7461
4761,Tolley,4974
4762,Tindall,4974
4763,Soule,4974
4764,Snook,4974
4765,Sebastian,4974
4766,Seale,4974
4767,Pitcher,4974
4768,Pinkney,4974
4769,Pellegrino,4974
4770,Nowell,4974
4771,Nemeth,4974
4772,Nail,4974
4773,Mondragon,4974
4774,Mclane,4974
4775,Lundgren,4974
4776,Ingalls,4974
4777,Hudspeth,4974
4778,Hixson,4974
4779,Gearhart,4974
4780,Furlong,4974
4781,Downes,4974
4782,Dionne,4974
4783,Dibble,4974
4784,Deyoung,4974
4785,Cornejo,4974
4786,Camara,4974
4787,Brookshire,4974
4788,Boyette,4974
4789,Wolcott,4974
4790,Tracey,4974
4791,Surratt,4974
4792,Sellars,4974
4793,Segal,4974
4794,Salyer,4974
4795,Reeve,4974
4796,Rausch,4974
4797,Philips,4974
4798,Labonte,4974
4799,Haro,4974
4800,Gower,4974
4801,Freeland,4974
4802,Fawcett,4974
4803,Eads,4974
4804,Driggers,4974
4805,Donley,4974
4806,Collett,4974
4807,Cage,4974
4808,Bromley,4974
4809,Boatman,4974
4810,Ballinger,4974
4811,Baldridge,4974
4812,Volz,4974
4813,Trombley,4974
4814,Stonge,4974
4815,Silas,4974
4816,Shanahan,4974
4817,Rivard,4974
4818,Rhyne,4974
4819,Pedroza,4974
4820,Matias,4974
4821,Mallard,4974
4822,Jamieson,4974
4823,Hedgepeth,4974
4824,Hartnett,4974
4825,Estevez,4974
4826,Eskridge,4974
4827,Denman,4974
4828,Chiu,4974
4829,Chinn,4974
4830,Catlett,4974
4831,Carmack,4974
4832,Buie,4974
4833,Book,4974
4834,Bechtel,4974
4835,Beardsley,4974
4836,Bard,4974
4837,Ballou,4974
4838,Windsor,4974
4839,Ulmer,4974
4840,Storm,4974
4841,Skeen,4974
4842,Robledo,4974
4843,Rincon,4974
4844,Reitz,4974
4845,Piazza,4974
4846,Pearl,4974
4847,Munger,4974
4848,Moten,4974
4849,Mcmichael,4974
4850,Loftus,4974
4851,Ledet,4974
4852,Kersey,4974
4853,Groff,4974
4854,Fowlkes,4974
4855,Folk,4974
4856,Crumpton,4974
4857,Collette,4974
4858,Clouse,4974
4859,Bettis,4974
4860,Villagomez,4974
4861,Timmerman,4974
4862,Strom,4974
4863,Saul,4974
4864,Santoro,4974
4865,Roddy,4974
4866,Phillip,4974
4867,Penrod,4974
4868,Musselman,4974
4869,Macpherson,4974
4870,Leboeuf,4974
4871,Harless,4974
4872,Haddad,4974
4873,Guido,4974
4874,Golding,4974
4875,Fulkerson,4974
4876,Fannin,4974
4877,Dulaney,4974
4878,Dowdell,4974
4879,Deane,4974
4880,Cottle,4974
4881,Ceja,4974
4882,Cate,4974
4883,Bosley,4974
4884,Benge,4974
4885,Albritton,4974
4886,Voigt,4974
4887,Trowbridge,4974
4888,Soileau,4974
4889,Seely,4974
4890,Rome,4974
4891,Rohde,4974
4892,Pearsall,4974
4893,Paulk,4974
4894,Orth,4974
4895,Nason,4974
4896,Mota,4974
4897,Mcmullin,4974
4898,Marquardt,4974
4899,Madigan,4974
4900,Hoag,4974
4901,Gillum,4974
4902,Gayle,4974
4903,Gabbard,4974
4904,Fenwick,4974
4905,Fender,4974
4906,Eck,4974
4907,Danforth,4974
4908,Cushing,4974
4909,Cress,4974
4910,Creed,4974
4911,Cazares,4974
4912,Casanova,4974
4913,Bey,4974
4914,Bettencourt,4974
4915,Barringer,4974
4916,Baber,4974
4917,Stansberry,4974
4918,Schramm,4974
4919,Rutter,4974
4920,Rivero,4974
4921,Race,4974
4922,Oquendo,4974
4923,Necaise,4974
4924,Mouton,4974
4925,Montenegro,4974
4926,Miley,4974
4927,Mcgough,4974
4928,Marra,4974
4929,Macmillan,4974
4930,Lock,4974
4931,Lamontagne,4974
4932,Jasso,4974
4933,Jaime,4974
4934,Horst,4974
4935,Hetrick,4974
4936,Heilman,4974
4937,Gaytan,4974
4938,Gall,4974
4939,Fried,4974
4940,Fortney,4974
4941,Eden,4974
4942,Dingle,4974
4943,Desjardins,4974
4944,Dabbs,4974
4945,Burbank,4974
4946,Brigham,4974
4947,Breland,4974
4948,Beaman,4974
4949,Banner,4974
4950,Arriola,4974
4951,Yarborough,4974
4952,Wallin,4974
4953,Treat,4974
4954,Toscano,4974
4955,Stowers,4974
4956,Reiss,4974
4957,Pichardo,4974
4958,Orton,4974
4959,Mitchel,4974
4960,Michels,4974
4961,Mcnamee,4974
4962,Mccrory,4974
4963,Leatherman,4974
4964,Kell,4974
4965,Keister,4974
4966,Jerome,4974
4967,Horning,4974
4968,Hargett,4974
4969,Guay,4974
4970,Friday,4974
4971,Ferro,4974
4972,Deboer,4974
4973,Dagostino,4974
4974,Clemente,4974
4975,Christ,4974
4976,Carper,4974
4977,Bowler,4974
4978,Blanks,4974
4979,Beaudry,4974
4980,Willie,4974
4981,Towle,4974
4982,Tafoya,4974
4983,Stricklin,4974
4984,Strader,4974
4985,Soper,4974
4986,Sonnier,4974
4987,Sigmon,4974
4988,Schenk,4974
4989,Saddler,4974
4990,Rodman,4974
4991,Pedigo,4974
4992,Mendes,4974
4993,Lunn,4974
4994,Lohr,4974
4995,Lahr,4974
4996,Kingsbury,4974
4997,Jarman,4974
4998,Hume,4974
4999,Holliman,4974
5000,Hofmann,4974
